Date,Open,Close,High,Low,Volume
10/5/2019, $42.00 , $41.57 , $45.00 , $41.06 ,"186,322,536"
13/5/2019, $38.79 , $37.10 , $39.24 , $36.08 ,"79,442,420"
14/5/2019, $38.31 , $39.96 , $39.96 , $36.85 ,"46,661,147"
15/5/2019, $39.37 , $41.29 , $41.88 , $38.95 ,"36,086,065"
16/5/2019, $41.48 , $43.00 , $44.06 , $41.25 ,"38,115,524"
17/5/2019, $41.98 , $41.91 , $43.29 , $41.27 ,"20,225,687"
20/5/2019, $41.19 , $41.59 , $41.68 , $39.46 ,"29,222,330"
21/5/2019, $42.00 , $41.50 , $42.24 , $41.25 ,"10,802,851"
22/5/2019, $41.05 , $41.25 , $41.28 , $40.50 ,"9,089,469"
23/5/2019, $40.80 , $40.47 , $41.09 , $40.02 ,"11,119,870"
24/5/2019, $41.28 , $41.51 , $41.51 , $40.50 ,"8,786,751"
28/5/2019, $41.70 , $40.95 , $41.80 , $40.60 ,"13,391,605"
29/5/2019, $40.52 , $39.94 , $40.71 , $39.15 ,"14,060,447"
30/5/2019, $40.07 , $39.80 , $40.38 , $39.50 ,"26,451,864"
31/5/2019, $41.15 , $40.41 , $41.57 , $39.41 ,"23,209,848"
3/6/2019, $40.74 , $41.25 , $41.85 , $40.24 ,"16,605,261"
4/6/2019, $42.56 , $42.75 , $42.88 , $40.70 ,"23,432,141"
5/6/2019, $42.87 , $45.00 , $45.66 , $42.50 ,"28,609,604"
6/6/2019, $45.00 , $44.92 , $45.75 , $44.28 ,"16,403,691"
7/6/2019, $44.92 , $44.16 , $45.67 , $44.13 ,"12,654,670"
10/6/2019, $44.02 , $42.61 , $44.59 , $42.53 ,"11,618,701"
11/6/2019, $43.22 , $42.45 , $43.65 , $41.80 ,"9,095,044"
12/6/2019, $42.52 , $42.17 , $42.65 , $41.71 ,"5,965,250"
13/6/2019, $43.05 , $44.31 , $44.35 , $42.80 ,"10,178,935"
14/6/2019, $44.75 , $43.23 , $44.80 , $43.11 ,"7,902,223"
17/6/2019, $43.28 , $43.78 , $44.08 , $42.93 ,"6,557,589"
18/6/2019, $44.30 , $43.86 , $44.89 , $43.75 ,"7,313,602"
19/6/2019, $44.46 , $44.86 , $45.50 , $43.95 ,"10,331,520"
20/6/2019, $45.03 , $43.86 , $45.29 , $43.51 ,"9,567,367"
21/6/2019, $43.85 , $44.00 , $44.14 , $43.38 ,"4,973,987"
24/6/2019, $44.00 , $43.09 , $44.07 , $42.82 ,"5,985,052"
25/6/2019, $43.28 , $43.09 , $43.79 , $42.44 ,"5,755,107"
26/6/2019, $43.25 , $42.50 , $43.40 , $42.36 ,"8,109,056"
27/6/2019, $43.35 , $45.13 , $45.30 , $43.20 ,"20,155,079"
28/6/2019, $45.10 , $46.38 , $47.08 , $45.08 ,"28,657,002"
1/7/2019, $46.98 , $44.27 , $47.04 , $44.06 ,"17,739,998"
2/7/2019, $44.55 , $44.00 , $44.68 , $43.75 ,"11,881,274"
3/7/2019, $44.00 , $44.23 , $44.46 , $43.79 ,"3,380,003"
5/7/2019, $44.31 , $43.53 , $44.55 , $43.01 ,"8,239,452"
8/7/2019, $43.59 , $42.95 , $43.85 , $42.75 ,"9,304,101"
9/7/2019, $43.18 , $44.20 , $44.23 , $42.98 ,"5,251,564"
10/7/2019, $44.48 , $43.70 , $44.80 , $43.56 ,"9,746,505"
11/7/2019, $44.10 , $43.99 , $44.29 , $43.31 ,"8,050,856"
12/7/2019, $44.16 , $43.99 , $44.24 , $43.39 ,"8,760,526"
15/7/2019, $44.20 , $44.53 , $44.70 , $43.97 ,"5,811,160"
16/7/2019, $44.60 , $44.13 , $44.98 , $44.02 ,"5,613,321"
17/7/2019, $44.06 , $43.62 , $44.35 , $43.52 ,"5,854,149"
18/7/2019, $43.50 , $43.71 , $43.85 , $43.19 ,"4,123,615"
19/7/2019, $43.90 , $43.18 , $44.09 , $43.16 ,"4,021,018"
22/7/2019, $43.25 , $43.69 , $43.72 , $43.01 ,"3,822,276"
23/7/2019, $43.75 , $43.36 , $44.31 , $43.11 ,"5,110,090"
24/7/2019, $43.36 , $43.76 , $43.87 , $43.36 ,"3,775,677"
25/7/2019, $43.72 , $43.40 , $43.96 , $43.21 ,"4,411,991"
26/7/2019, $43.42 , $44.52 , $44.96 , $43.39 ,"7,598,828"
29/7/2019, $45.00 , $43.88 , $45.63 , $43.12 ,"8,652,204"
30/7/2019, $43.71 , $42.59 , $43.74 , $42.49 ,"7,686,342"
31/7/2019, $42.60 , $42.14 , $42.98 , $41.84 ,"5,970,774"
1/8/2019, $42.14 , $41.31 , $42.54 , $41.00 ,"7,349,740"
2/8/2019, $41.03 , $40.40 , $41.06 , $39.95 ,"8,225,677"
5/8/2019, $39.35 , $39.05 , $39.42 , $38.43 ,"9,799,269"
6/8/2019, $39.68 , $39.15 , $40.81 , $38.36 ,"8,570,273"
7/8/2019, $39.06 , $39.70 , $39.99 , $38.32 ,"8,896,039"
8/8/2019, $41.98 , $42.97 , $43.00 , $41.25 ,"29,610,463"
9/8/2019, $39.56 , $40.05 , $40.68 , $38.71 ,"35,138,775"
12/8/2019, $39.83 , $37.00 , $39.95 , $37.00 ,"21,231,346"
13/8/2019, $37.00 , $36.45 , $37.46 , $36.12 ,"19,031,422"
14/8/2019, $36.00 , $33.96 , $36.30 , $33.36 ,"24,481,636"
15/8/2019, $34.52 , $33.22 , $34.55 , $32.92 ,"13,265,793"
16/8/2019, $33.46 , $35.23 , $35.48 , $33.40 ,"13,883,152"
19/8/2019, $35.53 , $34.61 , $35.80 , $34.37 ,"10,853,126"
20/8/2019, $34.48 , $35.29 , $36.07 , $34.39 ,"10,766,387"
21/8/2019, $35.50 , $34.91 , $35.83 , $34.75 ,"7,949,074"
22/8/2019, $34.80 , $34.00 , $34.91 , $33.52 ,"8,516,485"
23/8/2019, $33.65 , $33.43 , $34.23 , $33.12 ,"8,186,706"
26/8/2019, $33.67 , $33.31 , $33.83 , $33.06 ,"5,669,714"
27/8/2019, $33.69 , $33.11 , $34.24 , $32.98 ,"6,596,129"
28/8/2019, $32.56 , $32.59 , $33.05 , $32.26 ,"6,261,038"
29/8/2019, $32.90 , $32.76 , $33.30 , $32.60 ,"5,811,175"
30/8/2019, $33.00 , $32.57 , $33.13 , $32.04 ,"6,636,847"
3/9/2019, $32.10 , $30.70 , $32.53 , $30.67 ,"12,194,312"
4/9/2019, $30.91 , $31.99 , $32.36 , $30.85 ,"10,367,329"
5/9/2019, $32.33 , $32.51 , $33.03 , $32.25 ,"7,938,083"
6/9/2019, $32.71 , $31.86 , $32.74 , $31.41 ,"7,035,967"
9/9/2019, $32.05 , $32.24 , $32.39 , $31.46 ,"7,448,418"
10/9/2019, $32.00 , $33.51 , $33.74 , $31.65 ,"10,817,138"
11/9/2019, $33.38 , $34.00 , $35.14 , $33.02 ,"14,715,771"
12/9/2019, $34.14 , $34.07 , $34.49 , $33.33 ,"7,734,849"
13/9/2019, $34.25 , $33.25 , $34.44 , $32.94 ,"9,428,551"
16/9/2019, $33.60 , $34.43 , $34.80 , $33.47 ,"7,942,590"
17/9/2019, $34.75 , $34.29 , $34.75 , $33.55 ,"5,588,258"
18/9/2019, $34.35 , $34.26 , $34.89 , $33.75 ,"6,624,433"
19/9/2019, $34.20 , $33.82 , $34.64 , $33.68 ,"6,884,274"
20/9/2019, $33.98 , $32.60 , $34.22 , $32.50 ,"12,026,857"
23/9/2019, $32.52 , $33.00 , $33.01 , $32.06 ,"5,526,412"
24/9/2019, $33.00 , $31.30 , $33.15 , $31.01 ,"10,625,791"
25/9/2019, $31.27 , $31.68 , $31.72 , $30.76 ,"7,879,880"
26/9/2019, $31.72 , $31.57 , $32.13 , $31.13 ,"6,062,457"
27/9/2019, $31.71 , $30.29 , $31.90 , $30.13 ,"11,875,115"
30/9/2019, $30.40 , $30.47 , $30.74 , $30.17 ,"5,021,190"
1/10/2019, $30.37 , $29.15 , $30.51 , $28.65 ,"13,448,055"
2/10/2019, $28.67 , $29.00 , $29.55 , $28.31 ,"9,371,270"
3/10/2019, $28.97 , $29.72 , $29.88 , $28.52 ,"9,461,973"
4/10/2019, $29.90 , $29.67 , $30.18 , $28.90 ,"8,633,938"
7/10/2019, $30.60 , $30.37 , $30.75 , $29.83 ,"10,151,451"
8/10/2019, $30.01 , $29.28 , $30.15 , $29.17 ,"7,806,911"
9/10/2019, $29.62 , $29.07 , $29.62 , $28.81 ,"7,162,775"
10/10/2019, $29.21 , $28.87 , $29.28 , $28.58 ,"7,797,845"
11/10/2019, $28.95 , $30.13 , $30.40 , $28.94 ,"10,215,850"
14/10/2019, $30.22 , $31.12 , $31.54 , $29.82 ,"7,966,943"
15/10/2019, $31.20 , $32.00 , $32.17 , $31.20 ,"7,904,528"
16/10/2019, $31.80 , $31.87 , $32.38 , $31.44 ,"7,802,690"
17/10/2019, $31.80 , $32.62 , $32.93 , $31.45 ,"7,239,293"
18/10/2019, $32.55 , $32.06 , $32.66 , $31.27 ,"8,074,207"
21/10/2019, $31.95 , $31.41 , $32.28 , $31.19 ,"7,232,322"
22/10/2019, $31.41 , $32.53 , $33.89 , $30.22 ,"19,244,283"
23/10/2019, $32.87 , $33.05 , $33.27 , $32.17 ,"6,843,199"
24/10/2019, $33.00 , $33.28 , $33.42 , $32.51 ,"6,789,619"
25/10/2019, $33.20 , $32.71 , $33.48 , $32.61 ,"8,106,804"
28/10/2019, $32.90 , $33.22 , $33.36 , $32.50 ,"8,073,107"
29/10/2019, $32.37 , $32.42 , $32.92 , $31.81 ,"9,357,355"
30/10/2019, $32.51 , $33.75 , $33.80 , $32.11 ,"10,861,056"
31/10/2019, $33.23 , $31.50 , $33.36 , $31.26 ,"16,130,023"
1/11/2019, $31.45 , $31.37 , $31.70 , $30.74 ,"10,460,430"
4/11/2019, $31.45 , $31.08 , $31.75 , $30.12 ,"32,330,121"
5/11/2019, $29.13 , $28.02 , $29.30 , $27.97 ,"52,180,615"
6/11/2019, $26.06 , $26.94 , $27.55 , $25.58 ,"133,569,790"
7/11/2019, $26.80 , $27.38 , $27.42 , $26.45 ,"65,949,472"
8/11/2019, $27.48 , $27.01 , $27.62 , $26.92 ,"44,908,179"
11/11/2019, $27.03 , $27.14 , $27.21 , $26.23 ,"41,445,732"
12/11/2019, $27.38 , $26.70 , $27.66 , $26.66 ,"37,095,389"
13/11/2019, $26.47 , $26.71 , $26.82 , $26.14 ,"34,512,663"
14/11/2019, $26.80 , $25.99 , $26.86 , $25.67 ,"28,027,875"
15/11/2019, $26.18 , $26.79 , $26.80 , $25.96 ,"41,202,105"
18/11/2019, $26.80 , $26.75 , $27.00 , $26.30 ,"37,309,667"
19/11/2019, $26.77 , $27.05 , $27.22 , $26.61 ,"34,115,865"
20/11/2019, $27.06 , $28.03 , $28.40 , $26.95 ,"54,075,774"
21/11/2019, $28.67 , $29.46 , $29.60 , $28.50 ,"55,658,629"
22/11/2019, $29.84 , $29.56 , $30.13 , $29.21 ,"44,383,876"
25/11/2019, $28.69 , $29.11 , $29.60 , $28.38 ,"37,571,611"
26/11/2019, $29.49 , $29.53 , $30.15 , $29.36 ,"29,590,489"
27/11/2019, $29.42 , $29.49 , $29.59 , $28.88 ,"22,463,869"
29/11/2019, $29.41 , $29.60 , $29.85 , $29.25 ,"8,115,070"
2/12/2019, $29.32 , $28.98 , $29.53 , $28.70 ,"16,917,200"
3/12/2019, $28.20 , $29.02 , $29.33 , $28.15 ,"25,250,225"
4/12/2019, $29.10 , $29.06 , $29.20 , $28.70 ,"22,526,474"
5/12/2019, $28.94 , $28.65 , $28.99 , $28.18 ,"22,567,274"
6/12/2019, $28.40 , $27.86 , $28.93 , $27.80 ,"32,612,445"
9/12/2019, $27.96 , $27.68 , $28.36 , $27.68 ,"21,098,387"
10/12/2019, $27.73 , $27.89 , $27.99 , $27.61 ,"22,919,162"
11/12/2019, $27.99 , $28.42 , $28.55 , $27.85 ,"23,286,546"
12/12/2019, $28.29 , $28.69 , $28.75 , $28.19 ,"23,552,703"
13/12/2019, $28.58 , $28.49 , $28.84 , $28.27 ,"25,421,847"
16/12/2019, $29.11 , $30.05 , $30.13 , $29.10 ,"57,408,195"
17/12/2019, $30.37 , $29.75 , $30.42 , $29.53 ,"38,254,270"
18/12/2019, $29.62 , $30.13 , $30.14 , $29.34 ,"35,389,841"
19/12/2019, $29.84 , $29.99 , $30.17 , $29.53 ,"33,816,868"
20/12/2019, $30.10 , $30.45 , $31.03 , $29.85 ,"95,226,356"
23/12/2019, $30.49 , $30.33 , $30.94 , $29.83 ,"31,212,255"
24/12/2019, $30.33 , $30.44 , $30.84 , $30.11 ,"12,938,593"
26/12/2019, $30.47 , $30.67 , $30.79 , $30.03 ,"22,224,500"
27/12/2019, $30.80 , $30.17 , $31.06 , $30.17 ,"18,465,965"
30/12/2019, $30.13 , $29.74 , $30.20 , $29.35 ,"18,812,846"
31/12/2019, $29.11 , $29.74 , $29.95 , $28.90 ,"16,205,777"
2/1/2020, $29.94 , $30.99 , $31.00 , $29.79 ,"20,583,240"
3/1/2020, $30.62 , $31.37 , $31.43 , $30.48 ,"18,644,977"
6/1/2020, $31.01 , $31.58 , $32.06 , $31.00 ,"21,215,865"
7/1/2020, $31.79 , $32.81 , $32.84 , $31.36 ,"30,268,966"
8/1/2020, $32.73 , $33.93 , $34.52 , $32.46 ,"43,955,449"
9/1/2020, $34.45 , $33.97 , $34.47 , $33.22 ,"29,407,616"
10/1/2020, $34.08 , $34.01 , $34.99 , $33.84 ,"34,042,539"
13/1/2020, $34.29 , $34.14 , $34.34 , $33.55 ,"16,833,139"
14/1/2020, $34.20 , $34.84 , $35.02 , $33.92 ,"26,029,814"
15/1/2020, $34.90 , $35.01 , $35.15 , $34.51 ,"20,762,167"
16/1/2020, $35.03 , $34.68 , $35.06 , $34.18 ,"21,955,292"
17/1/2020, $34.97 , $35.13 , $35.25 , $34.65 ,"16,754,720"
21/1/2020, $35.50 , $37.60 , $37.80 , $35.41 ,"48,343,587"
22/1/2020, $37.94 , $37.04 , $37.94 , $36.92 ,"29,765,240"
23/1/2020, $36.97 , $37.40 , $37.95 , $36.73 ,"21,365,954"
24/1/2020, $37.50 , $36.80 , $37.67 , $36.25 ,"21,542,482"
27/1/2020, $35.23 , $36.30 , $36.65 , $34.19 ,"18,699,677"
28/1/2020, $37.14 , $37.01 , $37.33 , $36.04 ,"28,910,718"
29/1/2020, $36.98 , $36.99 , $37.57 , $36.80 ,"16,821,243"
30/1/2020, $36.82 , $36.68 , $37.13 , $35.95 ,"22,684,468"
31/1/2020, $37.00 , $36.29 , $37.04 , $35.69 ,"21,448,636"
3/2/2020, $36.75 , $37.59 , $37.64 , $36.53 ,"23,537,344"
4/2/2020, $37.87 , $38.53 , $38.99 , $37.26 ,"32,425,930"
5/2/2020, $38.89 , $36.81 , $38.97 , $36.74 ,"38,413,313"
6/2/2020, $37.30 , $37.09 , $37.39 , $36.73 ,"52,699,343"
7/2/2020, $39.98 , $40.63 , $41.00 , $38.86 ,"111,983,647"
10/2/2020, $40.65 , $40.01 , $41.34 , $39.96 ,"60,840,787"
11/2/2020, $40.25 , $41.27 , $41.47 , $40.05 ,"33,895,964"
12/2/2020, $41.50 , $41.25 , $41.86 , $41.07 ,"26,444,893"
13/2/2020, $40.93 , $40.09 , $41.55 , $40.00 ,"23,850,949"
14/2/2020, $40.02 , $39.66 , $40.31 , $38.70 ,"31,743,828"
18/2/2020, $39.49 , $40.18 , $40.27 , $39.45 ,"22,168,471"
19/2/2020, $40.42 , $41.05 , $41.23 , $40.12 ,"23,287,326"
20/2/2020, $41.00 , $40.92 , $41.19 , $39.85 ,"25,446,394"
21/2/2020, $40.89 , $40.72 , $40.89 , $40.05 ,"20,430,606"
24/2/2020, $38.21 , $38.31 , $39.14 , $37.75 ,"37,123,158"
25/2/2020, $38.90 , $35.89 , $39.15 , $35.50 ,"49,281,558"
26/2/2020, $35.53 , $34.45 , $36.17 , $33.89 ,"44,108,921"
27/2/2020, $32.03 , $32.45 , $34.16 , $30.67 ,"66,557,245"
28/2/2020, $31.81 , $33.87 , $34.29 , $31.00 ,"51,145,978"
2/3/2020, $34.05 , $32.85 , $34.08 , $31.74 ,"46,662,023"
3/3/2020, $34.02 , $33.04 , $34.18 , $31.90 ,"35,182,366"
4/3/2020, $33.93 , $34.53 , $35.34 , $32.28 ,"44,738,640"
5/3/2020, $33.47 , $32.21 , $33.57 , $31.97 ,"32,764,549"
6/3/2020, $31.23 , $31.68 , $32.41 , $30.45 ,"34,718,945"
9/3/2020, $28.50 , $28.17 , $30.32 , $28.15 ,"37,439,161"
10/3/2020, $29.47 , $28.97 , $29.86 , $27.00 ,"36,308,321"
11/3/2020, $27.91 , $26.24 , $28.14 , $25.61 ,"43,212,769"
12/3/2020, $23.26 , $22.61 , $24.69 , $22.11 ,"54,041,976"
13/3/2020, $24.01 , $22.60 , $24.81 , $21.13 ,"53,338,085"
16/3/2020, $20.15 , $20.29 , $21.49 , $19.10 ,"56,913,952"
17/3/2020, $20.18 , $18.91 , $20.31 , $18.01 ,"60,003,887"
18/3/2020, $17.76 , $14.82 , $17.80 , $13.71 ,"78,286,212"
19/3/2020, $15.96 , $20.49 , $21.26 , $15.70 ,"83,988,721"
20/3/2020, $22.53 , $21.33 , $23.89 , $20.61 ,"75,857,540"
23/3/2020, $21.07 , $22.40 , $22.73 , $19.73 ,"47,787,094"
24/3/2020, $24.41 , $26.39 , $26.84 , $23.59 ,"58,505,016"
25/3/2020, $26.18 , $26.19 , $28.45 , $25.31 ,"52,473,945"
26/3/2020, $26.60 , $28.12 , $28.44 , $25.78 ,"41,370,842"
27/3/2020, $25.82 , $27.28 , $28.03 , $25.07 ,"40,292,212"
30/3/2020, $26.33 , $27.83 , $28.39 , $25.31 ,"37,439,097"
31/3/2020, $27.75 , $27.92 , $28.25 , $26.92 ,"43,126,370"
1/4/2020, $26.50 , $25.42 , $26.77 , $24.81 ,"38,538,381"
2/4/2020, $25.01 , $23.68 , $25.20 , $23.00 ,"35,838,237"
3/4/2020, $23.73 , $22.82 , $23.79 , $21.67 ,"40,225,679"
6/4/2020, $24.13 , $25.99 , $26.09 , $23.93 ,"34,367,161"
7/4/2020, $27.95 , $25.74 , $28.11 , $25.50 ,"36,433,762"
8/4/2020, $26.00 , $26.94 , $27.88 , $25.79 ,"35,534,949"
9/4/2020, $27.88 , $27.11 , $28.89 , $26.46 ,"36,190,207"
13/4/2020, $27.04 , $27.99 , $28.08 , $26.47 ,"24,671,570"
14/4/2020, $28.00 , $27.75 , $28.77 , $27.01 ,"32,625,332"
15/4/2020, $26.82 , $27.41 , $27.79 , $26.44 ,"18,720,881"
16/4/2020, $27.21 , $27.03 , $28.05 , $26.46 ,"24,088,739"
17/4/2020, $28.69 , $28.00 , $28.79 , $27.26 ,"33,135,723"
20/4/2020, $27.07 , $28.19 , $28.76 , $26.90 ,"32,132,927"
21/4/2020, $27.50 , $27.19 , $28.15 , $26.60 ,"20,874,842"
22/4/2020, $27.97 , $28.24 , $28.56 , $27.51 ,"21,157,703"
23/4/2020, $28.75 , $28.33 , $29.25 , $28.24 ,"26,780,580"
24/4/2020, $28.51 , $29.49 , $29.59 , $28.14 ,"20,520,310"
27/4/2020, $29.74 , $30.08 , $30.49 , $29.41 ,"31,705,827"
28/4/2020, $31.00 , $30.12 , $31.83 , $29.36 ,"27,383,197"
29/4/2020, $31.00 , $31.37 , $32.00 , $30.33 ,"28,168,158"
30/4/2020, $30.50 , $30.27 , $31.05 , $29.75 ,"20,095,396"
1/5/2020, $29.13 , $28.39 , $29.72 , $28.33 ,"19,104,692"
4/5/2020, $27.56 , $27.42 , $28.07 , $26.58 ,"23,199,141"
5/5/2020, $28.25 , $28.07 , $28.91 , $27.44 ,"30,553,561"
6/5/2020, $27.50 , $27.82 , $28.06 , $26.81 ,"28,400,653"
7/5/2020, $29.60 , $30.93 , $31.65 , $29.58 ,"62,229,496"
8/5/2020, $32.59 , $32.79 , $33.30 , $31.64 ,"69,135,804"
11/5/2020, $31.98 , $31.64 , $32.39 , $31.41 ,"26,363,042"
12/5/2020, $31.42 , $32.40 , $34.45 , $30.41 ,"89,585,967"
13/5/2020, $32.30 , $33.02 , $33.06 , $30.83 ,"47,279,487"
14/5/2020, $32.53 , $32.79 , $33.04 , $31.24 ,"32,912,581"
15/5/2020, $32.26 , $32.47 , $32.89 , $31.59 ,"25,837,602"
18/5/2020, $33.70 , $33.62 , $36.00 , $32.99 ,"47,344,686"
19/5/2020, $33.68 , $33.40 , $34.00 , $32.86 ,"20,223,567"
20/5/2020, $34.12 , $34.48 , $34.77 , $33.82 ,"21,386,703"
21/5/2020, $34.45 , $34.26 , $35.01 , $33.47 ,"24,075,308"
22/5/2020, $34.15 , $34.83 , $34.93 , $33.57 ,"18,588,920"
26/5/2020, $35.97 , $34.56 , $36.00 , $34.50 ,"23,385,124"
27/5/2020, $34.42 , $34.88 , $35.00 , $33.10 ,"25,978,607"
28/5/2020, $34.90 , $34.15 , $35.10 , $33.82 ,"21,868,510"
29/5/2020, $34.18 , $36.32 , $36.45 , $34.00 ,"71,772,542"
1/6/2020, $35.64 , $35.82 , $36.39 , $35.16 ,"21,893,806"
2/6/2020, $36.16 , $35.81 , $36.42 , $35.26 ,"19,040,293"
3/6/2020, $36.20 , $36.75 , $37.37 , $36.14 ,"22,960,634"
4/6/2020, $36.42 , $36.43 , $37.30 , $36.28 ,"16,927,136"
5/6/2020, $37.53 , $37.21 , $38.78 , $36.92 ,"30,358,882"
8/6/2020, $37.87 , $37.08 , $37.90 , $36.09 ,"30,053,962"
9/6/2020, $36.70 , $36.59 , $37.33 , $36.25 ,"15,053,343"
10/6/2020, $36.69 , $34.83 , $36.80 , $34.27 ,"42,952,054"
11/6/2020, $32.63 , $31.10 , $33.25 , $30.89 ,"45,298,714"
12/6/2020, $32.73 , $32.24 , $32.74 , $31.04 ,"27,505,791"
15/6/2020, $31.16 , $32.67 , $32.68 , $31.02 ,"21,251,804"
16/6/2020, $34.00 , $33.49 , $34.17 , $32.43 ,"21,315,641"
17/6/2020, $33.50 , $33.29 , $33.60 , $33.01 ,"14,755,459"
18/6/2020, $33.00 , $33.40 , $33.44 , $32.80 ,"15,350,030"
19/6/2020, $33.98 , $32.30 , $34.02 , $32.27 ,"29,324,868"
22/6/2020, $32.43 , $32.68 , $32.85 , $31.43 ,"17,762,397"
23/6/2020, $32.88 , $33.05 , $33.21 , $32.59 ,"13,622,126"
24/6/2020, $32.75 , $30.46 , $32.93 , $30.46 ,"29,338,665"
25/6/2020, $30.00 , $30.58 , $30.86 , $29.56 ,"19,070,942"
26/6/2020, $30.44 , $29.61 , $30.44 , $29.21 ,"39,954,223"
29/6/2020, $29.51 , $29.63 , $29.75 , $28.39 ,"20,659,525"
30/6/2020, $30.83 , $31.08 , $31.25 , $30.13 ,"21,095,957"
1/7/2020, $30.96 , $30.43 , $31.27 , $30.16 ,"13,611,544"
2/7/2020, $31.02 , $30.68 , $31.57 , $30.51 ,"14,981,137"
6/7/2020, $33.10 , $32.52 , $33.20 , $31.76 ,"42,228,250"
7/7/2020, $32.46 , $32.82 , $33.56 , $32.39 ,"34,768,600"
8/7/2020, $33.21 , $33.93 , $33.97 , $32.68 ,"23,989,433"
9/7/2020, $34.24 , $33.15 , $34.46 , $32.26 ,"25,061,818"
10/7/2020, $33.14 , $33.14 , $33.55 , $32.65 ,"13,556,763"
13/7/2020, $33.21 , $31.72 , $33.60 , $31.66 ,"19,531,465"
14/7/2020, $31.35 , $30.93 , $31.38 , $30.48 ,"21,781,825"
15/7/2020, $32.10 , $32.81 , $32.97 , $31.68 ,"20,149,981"
16/7/2020, $32.05 , $32.35 , $32.59 , $31.55 ,"11,090,750"
17/7/2020, $32.58 , $32.55 , $32.82 , $31.85 ,"13,627,397"
20/7/2020, $32.48 , $33.66 , $33.93 , $32.35 ,"16,077,423"
21/7/2020, $34.16 , $32.55 , $34.23 , $32.53 ,"16,675,715"
22/7/2020, $32.44 , $32.66 , $32.88 , $32.33 ,"12,128,382"
23/7/2020, $32.33 , $32.17 , $33.02 , $31.98 ,"12,731,686"
24/7/2020, $31.74 , $31.18 , $31.80 , $30.47 ,"16,864,705"
27/7/2020, $31.21 , $30.99 , $31.60 , $30.75 ,"10,163,376"
28/7/2020, $30.79 , $30.81 , $31.24 , $30.35 ,"12,977,145"
29/7/2020, $30.92 , $31.02 , $31.26 , $30.77 ,"8,215,892"
30/7/2020, $30.65 , $30.24 , $30.68 , $29.97 ,"12,993,562"
31/7/2020, $30.40 , $30.26 , $30.42 , $29.79 ,"16,242,511"
3/8/2020, $30.24 , $31.19 , $31.30 , $30.06 ,"17,084,299"
4/8/2020, $31.17 , $32.68 , $32.85 , $31.17 ,"21,811,721"
5/8/2020, $33.10 , $33.20 , $33.32 , $32.50 ,"17,279,011"
6/8/2020, $33.27 , $34.71 , $34.80 , $33.21 ,"34,829,784"
7/8/2020, $33.09 , $32.90 , $33.70 , $32.45 ,"38,994,895"
10/8/2020, $33.04 , $32.27 , $33.18 , $31.51 ,"21,027,916"
11/8/2020, $31.66 , $31.21 , $32.21 , $30.65 ,"31,383,290"
12/8/2020, $31.46 , $30.84 , $32.22 , $30.69 ,"23,248,493"
13/8/2020, $30.52 , $30.46 , $31.33 , $30.32 ,"21,976,775"
14/8/2020, $30.40 , $29.99 , $30.49 , $29.82 ,"17,450,369"
17/8/2020, $30.05 , $29.48 , $30.12 , $29.14 ,"18,433,318"
18/8/2020, $29.50 , $30.08 , $30.46 , $29.41 ,"29,343,467"
19/8/2020, $30.15 , $29.42 , $30.35 , $29.39 ,"13,981,860"
20/8/2020, $29.13 , $31.41 , $31.70 , $28.48 ,"54,464,056"
21/8/2020, $31.39 , $30.83 , $31.82 , $30.71 ,"20,189,285"
24/8/2020, $30.97 , $31.04 , $31.30 , $30.37 ,"17,406,239"
25/8/2020, $31.04 , $31.19 , $31.19 , $30.60 ,"10,011,475"
26/8/2020, $31.01 , $32.30 , $32.71 , $30.95 ,"20,566,248"
27/8/2020, $32.40 , $32.80 , $33.07 , $32.27 ,"21,282,576"
28/8/2020, $33.00 , $33.80 , $33.94 , $32.82 ,"17,790,638"
31/8/2020, $33.62 , $33.63 , $33.92 , $33.14 ,"14,808,215"
1/9/2020, $33.45 , $34.30 , $34.51 , $33.15 ,"15,954,522"
2/9/2020, $34.21 , $34.37 , $34.51 , $33.29 ,"16,475,292"
3/9/2020, $34.08 , $33.41 , $34.74 , $32.95 ,"17,190,255"
4/9/2020, $33.33 , $33.24 , $33.65 , $31.55 ,"17,208,881"
8/9/2020, $32.36 , $34.32 , $35.10 , $32.16 ,"33,522,996"
9/9/2020, $34.11 , $35.01 , $35.50 , $34.11 ,"22,784,606"
10/9/2020, $35.20 , $35.98 , $36.78 , $35.19 ,"34,095,471"
11/9/2020, $36.30 , $36.98 , $37.15 , $36.25 ,"27,014,898"
14/9/2020, $37.10 , $37.95 , $38.00 , $37.08 ,"27,980,860"
15/9/2020, $37.95 , $37.47 , $38.48 , $37.27 ,"23,505,318"
16/9/2020, $37.39 , $37.66 , $38.52 , $37.39 ,"21,772,610"
17/9/2020, $36.68 , $37.06 , $37.45 , $36.14 ,"23,338,218"
18/9/2020, $37.15 , $37.12 , $37.57 , $36.39 ,"67,875,840"
21/9/2020, $35.86 , $36.49 , $36.58 , $35.12 ,"19,013,149"
22/9/2020, $36.53 , $34.40 , $36.55 , $34.10 ,"28,111,001"
23/9/2020, $34.45 , $33.55 , $34.81 , $33.40 ,"15,754,586"
24/9/2020, $33.66 , $33.35 , $34.00 , $32.89 ,"16,328,353"
25/9/2020, $33.20 , $34.46 , $34.50 , $33.20 ,"10,646,640"
28/9/2020, $35.80 , $35.56 , $36.63 , $35.26 ,"22,845,055"
29/9/2020, $35.56 , $35.43 , $35.65 , $34.60 ,"16,020,784"
30/9/2020, $35.28 , $36.48 , $36.50 , $35.28 ,"21,386,305"
1/10/2020, $36.86 , $37.14 , $37.83 , $36.58 ,"19,098,726"
2/10/2020, $36.00 , $37.72 , $37.99 , $35.94 ,"20,071,637"
5/10/2020, $37.70 , $37.14 , $38.00 , $36.88 ,"12,987,346"
6/10/2020, $37.17 , $36.26 , $37.37 , $36.04 ,"12,954,947"
7/10/2020, $36.59 , $36.78 , $37.11 , $36.37 ,"13,782,136"
8/10/2020, $37.00 , $37.34 , $37.83 , $36.96 ,"12,197,565"
9/10/2020, $37.91 , $37.27 , $38.35 , $37.19 ,"13,160,608"
12/10/2020, $37.56 , $36.26 , $37.56 , $36.18 ,"16,522,494"
13/10/2020, $36.22 , $35.56 , $36.23 , $35.02 ,"15,463,089"
14/10/2020, $35.69 , $35.11 , $36.09 , $35.08 ,"15,354,291"
15/10/2020, $34.68 , $34.26 , $34.81 , $34.02 ,"15,041,675"
16/10/2020, $34.78 , $33.72 , $34.80 , $33.61 ,"14,362,593"
19/10/2020, $34.16 , $34.22 , $34.59 , $34.00 ,"19,267,723"
20/10/2020, $34.53 , $36.31 , $36.76 , $34.53 ,"29,820,702"
21/10/2020, $36.25 , $35.20 , $36.25 , $34.88 ,"19,013,165"
22/10/2020, $35.42 , $36.70 , $36.89 , $34.91 ,"14,178,144"
23/10/2020, $36.50 , $36.75 , $36.99 , $35.92 ,"15,763,877"
26/10/2020, $36.50 , $35.49 , $36.74 , $35.12 ,"12,511,721"
27/10/2020, $35.51 , $34.16 , $35.70 , $34.02 ,"13,692,117"
28/10/2020, $33.62 , $33.65 , $33.66 , $32.90 ,"15,787,858"
29/10/2020, $33.71 , $34.06 , $34.94 , $33.33 ,"13,735,346"
30/10/2020, $33.91 , $33.41 , $34.39 , $33.16 ,"13,438,024"
2/11/2020, $34.15 , $34.81 , $35.05 , $34.06 ,"18,350,453"
3/11/2020, $35.27 , $35.77 , $36.15 , $35.15 ,"16,077,264"
4/11/2020, $40.66 , $40.99 , $42.15 , $39.00 ,"101,320,865"
5/11/2020, $40.33 , $41.96 , $42.05 , $40.01 ,"32,438,397"
6/11/2020, $42.09 , $44.87 , $45.38 , $41.62 ,"57,571,080"
9/11/2020, $48.01 , $48.18 , $49.62 , $47.30 ,"61,205,896"
10/11/2020, $46.74 , $47.00 , $49.36 , $46.05 ,"33,079,784"
11/11/2020, $46.72 , $46.23 , $47.52 , $45.91 ,"18,902,482"
12/11/2020, $45.39 , $46.40 , $47.47 , $45.05 ,"16,069,382"
13/11/2020, $47.11 , $47.61 , $47.79 , $45.93 ,"15,500,127"
16/11/2020, $48.74 , $49.21 , $50.09 , $48.48 ,"29,226,091"
17/11/2020, $48.72 , $48.89 , $49.62 , $48.50 ,"16,638,334"
18/11/2020, $48.77 , $49.11 , $49.95 , $48.33 ,"17,755,064"
19/11/2020, $49.10 , $49.26 , $49.91 , $48.65 ,"13,423,239"
20/11/2020, $49.98 , $48.43 , $50.75 , $48.27 ,"17,210,431"
23/11/2020, $48.66 , $50.04 , $50.88 , $48.51 ,"17,147,060"
24/11/2020, $50.62 , $51.26 , $52.15 , $50.48 ,"16,124,449"
25/11/2020, $51.27 , $50.80 , $51.45 , $49.92 ,"11,641,561"
27/11/2020, $50.93 , $50.72 , $51.19 , $50.20 ,"8,338,663"
30/11/2020, $50.22 , $49.66 , $51.01 , $48.53 ,"17,061,735"
1/12/2020, $50.00 , $49.63 , $51.41 , $49.07 ,"20,619,101"
2/12/2020, $49.26 , $53.09 , $53.45 , $48.53 ,"30,263,305"
3/12/2020, $53.30 , $52.52 , $53.49 , $52.12 ,"13,122,394"
4/12/2020, $52.71 , $54.86 , $54.86 , $52.71 ,"21,952,038"
7/12/2020, $54.59 , $53.80 , $54.87 , $53.65 ,"13,596,041"
8/12/2020, $52.40 , $53.01 , $54.22 , $52.35 ,"26,167,347"
9/12/2020, $53.98 , $53.79 , $56.02 , $53.06 ,"46,332,217"
10/12/2020, $52.33 , $54.35 , $54.62 , $51.30 ,"20,207,664"
11/12/2020, $54.47 , $52.63 , $55.03 , $52.33 ,"16,792,107"
14/12/2020, $53.27 , $51.46 , $53.44 , $51.24 ,"19,048,536"
15/12/2020, $52.12 , $51.00 , $52.83 , $50.87 ,"17,504,739"
16/12/2020, $51.18 , $50.49 , $51.68 , $50.29 ,"18,707,159"
17/12/2020, $50.59 , $50.63 , $51.30 , $50.17 ,"19,616,264"
18/12/2020, $50.81 , $50.62 , $50.95 , $49.52 ,"24,049,986"
21/12/2020, $49.00 , $51.80 , $52.35 , $48.79 ,"23,562,858"
22/12/2020, $52.11 , $53.78 , $54.36 , $51.92 ,"23,718,317"
23/12/2020, $53.80 , $53.71 , $54.09 , $52.99 ,"12,523,668"
24/12/2020, $53.60 , $52.88 , $53.63 , $52.29 ,"6,316,761"
28/12/2020, $53.02 , $51.97 , $53.13 , $51.56 ,"11,988,386"
29/12/2020, $52.33 , $52.27 , $52.99 , $51.47 ,"10,140,561"
30/12/2020, $52.72 , $53.15 , $53.85 , $52.22 ,"9,518,600"
31/12/2020, $53.28 , $51.00 , $53.28 , $51.00 ,"13,200,780"
4/1/2021, $52.22 , $51.14 , $52.32 , $49.64 ,"17,270,428"
5/1/2021, $51.00 , $54.01 , $54.19 , $50.76 ,"21,403,169"
6/1/2021, $53.31 , $52.48 , $54.07 , $52.00 ,"17,700,275"
7/1/2021, $53.37 , $56.13 , $56.25 , $53.20 ,"23,038,842"
8/1/2021, $54.40 , $53.28 , $54.79 , $52.58 ,"37,895,902"
11/1/2021, $53.11 , $54.59 , $55.00 , $52.99 ,"23,213,840"
12/1/2021, $55.50 , $58.54 , $59.39 , $55.00 ,"52,151,405"
13/1/2021, $58.54 , $59.40 , $59.88 , $57.53 ,"24,141,163"
14/1/2021, $60.00 , $56.91 , $60.03 , $56.70 ,"26,444,710"
15/1/2021, $57.49 , $55.52 , $57.90 , $55.00 ,"23,708,804"
19/1/2021, $56.39 , $56.30 , $56.84 , $55.00 ,"16,953,659"
20/1/2021, $57.00 , $56.38 , $57.98 , $55.47 ,"16,904,343"
21/1/2021, $56.57 , $55.79 , $57.00 , $55.31 ,"13,432,029"
22/1/2021, $55.25 , $54.31 , $55.47 , $54.01 ,"19,570,506"
25/1/2021, $54.50 , $54.29 , $54.52 , $49.65 ,"40,890,094"
26/1/2021, $54.62 , $51.92 , $55.52 , $51.53 ,"25,677,017"
27/1/2021, $49.97 , $48.11 , $50.86 , $47.15 ,"33,283,424"
28/1/2021, $50.12 , $51.58 , $52.52 , $49.88 ,"28,114,698"
29/1/2021, $50.63 , $50.93 , $51.49 , $49.64 ,"18,743,234"
1/2/2021, $52.12 , $52.76 , $52.90 , $51.35 ,"15,570,904"
2/2/2021, $55.11 , $56.46 , $58.03 , $54.89 ,"30,286,801"
3/2/2021, $57.87 , $57.12 , $58.13 , $56.74 ,"13,519,011"
4/2/2021, $56.45 , $57.85 , $57.85 , $56.11 ,"13,847,255"
5/2/2021, $58.16 , $58.58 , $58.71 , $57.37 ,"15,729,172"
8/2/2021, $59.70 , $59.29 , $60.11 , $58.69 ,"18,410,638"
9/2/2021, $58.91 , $59.61 , $61.06 , $58.62 ,"23,510,740"
10/2/2021, $62.00 , $63.18 , $63.50 , $60.80 ,"36,972,931"
11/2/2021, $63.25 , $60.71 , $64.05 , $60.40 ,"41,363,413"
12/2/2021, $60.12 , $60.63 , $60.93 , $59.32 ,"14,607,832"
16/2/2021, $61.02 , $60.52 , $61.31 , $59.84 ,"15,413,075"
17/2/2021, $60.33 , $60.81 , $60.95 , $58.95 ,"12,669,988"
18/2/2021, $60.00 , $59.00 , $60.29 , $58.23 ,"15,135,647"
19/2/2021, $58.36 , $58.39 , $60.46 , $58.11 ,"28,097,000"
22/2/2021, $57.76 , $55.31 , $58.10 , $54.82 ,"25,565,420"
23/2/2021, $53.50 , $56.00 , $56.37 , $51.89 ,"23,947,540"
24/2/2021, $54.95 , $53.91 , $55.15 , $53.66 ,"24,626,966"
25/2/2021, $54.58 , $51.45 , $54.60 , $50.86 ,"27,049,080"
26/2/2021, $52.07 , $51.75 , $52.75 , $50.61 ,"16,349,839"
1/3/2021, $53.67 , $54.40 , $54.76 , $53.30 ,"18,481,137"
2/3/2021, $55.54 , $54.65 , $55.62 , $54.19 ,"15,199,537"
3/3/2021, $55.93 , $56.11 , $57.80 , $54.65 ,"28,485,381"
4/3/2021, $55.75 , $53.07 , $57.16 , $51.61 ,"27,409,574"
5/3/2021, $54.28 , $55.54 , $55.83 , $50.81 ,"31,576,175"
8/3/2021, $55.50 , $53.20 , $56.45 , $52.89 ,"19,912,065"
9/3/2021, $56.00 , $55.25 , $56.15 , $54.72 ,"17,192,937"
10/3/2021, $57.21 , $57.68 , $58.90 , $56.27 ,"27,997,015"
11/3/2021, $58.80 , $58.95 , $59.48 , $58.22 ,"17,293,752"
12/3/2021, $58.97 , $60.35 , $60.59 , $57.62 ,"14,839,307"
15/3/2021, $60.35 , $60.19 , $60.53 , $59.12 ,"14,993,629"
16/3/2021, $59.99 , $58.85 , $61.02 , $58.38 ,"12,885,725"
17/3/2021, $57.07 , $56.36 , $57.57 , $55.54 ,"25,509,926"
18/3/2021, $56.63 , $55.69 , $57.48 , $55.21 ,"15,742,985"
19/3/2021, $55.48 , $57.08 , $57.18 , $54.34 ,"17,396,297"
22/3/2021, $57.25 , $55.69 , $57.61 , $55.47 ,"14,149,412"
23/3/2021, $55.63 , $53.49 , $55.63 , $53.11 ,"14,513,457"
24/3/2021, $54.46 , $52.57 , $54.96 , $52.54 ,"13,700,843"
25/3/2021, $52.00 , $53.89 , $54.28 , $51.80 ,"13,210,740"
26/3/2021, $54.41 , $54.71 , $55.25 , $53.52 ,"13,528,233"
29/3/2021, $54.80 , $53.35 , $54.80 , $52.85 ,"9,724,766"
30/3/2021, $52.99 , $53.46 , $54.12 , $52.64 ,"9,497,186"
31/3/2021, $53.96 , $54.51 , $55.18 , $53.58 ,"14,760,464"
1/4/2021, $55.61 , $57.60 , $57.63 , $54.81 ,"18,703,397"
5/4/2021, $58.10 , $57.40 , $58.42 , $56.64 ,"13,490,249"
6/4/2021, $57.34 , $58.05 , $58.99 , $57.16 ,"13,579,181"
7/4/2021, $58.02 , $56.89 , $58.13 , $55.95 ,"12,921,863"
8/4/2021, $56.65 , $57.83 , $57.94 , $56.54 ,"9,498,507"
9/4/2021, $57.32 , $57.68 , $57.88 , $56.40 ,"10,228,466"
12/4/2021, $59.05 , $59.44 , $60.77 , $58.75 ,"35,952,868"
13/4/2021, $59.65 , $60.64 , $61.01 , $58.53 ,"21,006,093"
14/4/2021, $60.11 , $59.23 , $61.50 , $59.18 ,"18,959,761"
15/4/2021, $59.88 , $60.74 , $61.09 , $59.55 ,"17,500,176"
16/4/2021, $60.74 , $60.35 , $60.85 , $59.54 ,"11,856,110"
19/4/2021, $60.00 , $57.85 , $60.22 , $57.52 ,"16,956,891"
20/4/2021, $58.00 , $55.48 , $58.12 , $55.24 ,"19,081,120"
21/4/2021, $55.00 , $55.77 , $56.20 , $54.61 ,"11,523,907"
22/4/2021, $55.85 , $56.28 , $57.22 , $55.19 ,"16,936,170"
23/4/2021, $56.56 , $57.93 , $57.95 , $56.39 ,"8,763,212"
26/4/2021, $58.05 , $57.61 , $58.36 , $57.33 ,"8,361,602"
27/4/2021, $58.32 , $57.16 , $58.40 , $57.05 ,"12,926,757"
28/4/2021, $56.88 , $58.44 , $58.48 , $56.66 ,"9,269,739"
29/4/2021, $59.00 , $54.93 , $59.22 , $53.11 ,"43,407,953"
30/4/2021, $54.30 , $54.77 , $55.65 , $54.11 ,"16,736,583"
3/5/2021, $55.12 , $54.85 , $56.13 , $54.84 ,"13,903,303"
4/5/2021, $54.52 , $52.99 , $54.72 , $52.01 ,"19,336,646"
5/5/2021, $53.87 , $51.18 , $54.07 , $50.63 ,"43,970,538"
6/5/2021, $48.39 , $46.65 , $49.81 , $45.72 ,"79,242,393"
7/5/2021, $47.22 , $47.03 , $48.60 , $46.53 ,"27,933,929"
10/5/2021, $47.71 , $45.79 , $47.85 , $45.60 ,"28,309,814"
11/5/2021, $44.50 , $46.21 , $46.79 , $44.18 ,"29,106,917"
12/5/2021, $45.90 , $43.81 , $46.11 , $43.17 ,"32,117,357"
13/5/2021, $44.99 , $44.48 , $46.10 , $43.56 ,"36,205,110"
14/5/2021, $45.03 , $47.42 , $47.71 , $44.85 ,"25,200,536"
17/5/2021, $47.24 , $47.51 , $47.94 , $46.51 ,"17,475,275"
18/5/2021, $49.67 , $49.17 , $50.29 , $48.53 ,"28,244,446"
19/5/2021, $47.53 , $49.47 , $49.83 , $47.37 ,"16,517,476"
20/5/2021, $49.57 , $49.33 , $49.95 , $48.76 ,"18,822,300"
21/5/2021, $49.57 , $48.82 , $49.95 , $48.76 ,"20,013,223"
24/5/2021, $49.33 , $50.03 , $50.40 , $48.85 ,"16,768,424"
25/5/2021, $50.74 , $50.46 , $51.59 , $50.44 ,"16,930,933"
26/5/2021, $50.32 , $51.12 , $51.36 , $49.76 ,"16,393,706"
27/5/2021, $51.44 , $50.71 , $51.69 , $48.72 ,"51,346,020"
28/5/2021, $50.68 , $50.83 , $51.74 , $50.47 ,"14,226,758"
1/6/2021, $51.62 , $50.98 , $51.66 , $49.84 ,"16,583,752"
2/6/2021, $51.19 , $50.79 , $51.41 , $50.55 ,"13,484,205"
3/6/2021, $50.43 , $48.70 , $50.50 , $48.53 ,"14,712,859"
4/6/2021, $49.56 , $50.18 , $50.22 , $49.07 ,"10,409,827"
7/6/2021, $50.49 , $50.76 , $51.22 , $49.75 ,"16,466,233"
8/6/2021, $50.70 , $49.88 , $51.40 , $48.66 ,"19,672,716"
9/6/2021, $50.00 , $49.14 , $50.17 , $49.11 ,"12,615,211"
10/6/2021, $49.69 , $49.55 , $49.90 , $48.43 ,"14,926,468"
11/6/2021, $50.03 , $50.01 , $50.36 , $49.54 ,"12,127,112"
14/6/2021, $50.06 , $50.77 , $51.49 , $49.56 ,"15,433,523"
15/6/2021, $49.55 , $49.30 , $49.96 , $49.09 ,"20,358,633"
16/6/2021, $49.35 , $48.89 , $49.66 , $48.29 ,"18,975,750"
17/6/2021, $48.96 , $49.70 , $49.84 , $48.31 ,"18,887,261"
18/6/2021, $49.31 , $49.70 , $50.39 , $48.78 ,"20,633,523"
21/6/2021, $49.72 , $48.12 , $49.86 , $47.90 ,"30,752,163"
22/6/2021, $48.30 , $49.05 , $49.34 , $47.75 ,"19,472,455"
23/6/2021, $49.06 , $50.51 , $50.77 , $49.01 ,"19,843,277"
24/6/2021, $51.30 , $50.82 , $51.55 , $50.22 ,"12,403,301"
25/6/2021, $51.18 , $51.73 , $51.83 , $50.53 ,"25,727,827"
28/6/2021, $51.75 , $51.11 , $52.36 , $50.37 ,"22,518,031"
29/6/2021, $51.00 , $50.76 , $51.30 , $50.24 ,"14,104,177"
30/6/2021, $51.02 , $50.12 , $51.13 , $49.71 ,"18,069,434"
1/7/2021, $50.88 , $50.59 , $51.60 , $50.02 ,"17,732,585"
2/7/2021, $50.57 , $51.71 , $51.83 , $50.39 ,"13,698,243"
6/7/2021, $50.60 , $50.80 , $52.03 , $50.40 ,"21,357,834"
7/7/2021, $50.80 , $48.68 , $51.03 , $48.54 ,"24,559,506"
8/7/2021, $47.16 , $47.55 , $48.21 , $46.57 ,"24,930,159"
9/7/2021, $47.84 , $49.07 , $49.25 , $47.71 ,"15,400,975"
12/7/2021, $48.87 , $48.41 , $49.29 , $48.09 ,"14,142,309"
13/7/2021, $48.49 , $48.08 , $48.59 , $47.75 ,"11,283,578"
14/7/2021, $48.28 , $47.15 , $48.59 , $47.11 ,"15,837,013"
15/7/2021, $46.86 , $46.42 , $47.46 , $46.15 ,"17,225,275"
16/7/2021, $46.40 , $46.19 , $47.09 , $46.01 ,"18,224,518"
19/7/2021, $45.00 , $45.56 , $45.75 , $44.44 ,"20,890,643"
20/7/2021, $45.46 , $46.32 , $46.66 , $45.07 ,"13,851,368"
21/7/2021, $46.53 , $47.52 , $47.94 , $46.35 ,"14,953,653"
22/7/2021, $47.70 , $47.57 , $48.17 , $47.24 ,"11,560,839"
23/7/2021, $47.61 , $47.46 , $47.69 , $46.78 ,"9,540,666"
26/7/2021, $47.04 , $46.81 , $47.60 , $46.37 ,"12,497,997"
27/7/2021, $46.54 , $45.82 , $46.66 , $44.77 ,"16,874,229"
28/7/2021, $45.88 , $46.14 , $46.96 , $45.81 ,"19,510,262"
29/7/2021, $44.12 , $44.69 , $45.21 , $44.00 ,"51,033,697"
30/7/2021, $44.38 , $43.46 , $44.73 , $43.34 ,"22,194,938"
2/8/2021, $44.10 , $43.49 , $44.29 , $43.45 ,"26,579,889"
3/8/2021, $43.56 , $42.79 , $43.68 , $41.62 ,"37,622,181"
4/8/2021, $42.70 , $41.81 , $42.82 , $41.37 ,"42,969,148"
5/8/2021, $40.50 , $43.07 , $44.65 , $40.15 ,"60,871,534"
6/8/2021, $43.74 , $44.28 , $44.94 , $43.65 ,"25,514,939"
9/8/2021, $44.19 , $43.25 , $44.27 , $43.21 ,"19,238,407"
10/8/2021, $43.70 , $43.50 , $44.24 , $43.25 ,"26,675,230"
11/8/2021, $43.41 , $43.08 , $43.50 , $42.00 ,"21,766,053"
12/8/2021, $42.86 , $42.73 , $42.97 , $42.18 ,"16,556,292"
13/8/2021, $42.80 , $42.22 , $43.03 , $42.20 ,"8,598,787"
16/8/2021, $41.76 , $41.50 , $41.79 , $40.86 ,"19,250,132"
17/8/2021, $41.00 , $41.00 , $41.48 , $40.58 ,"20,364,438"
18/8/2021, $40.97 , $40.88 , $41.53 , $40.80 ,"13,682,286"
19/8/2021, $40.28 , $39.86 , $40.60 , $39.51 ,"22,471,416"
20/8/2021, $39.69 , $39.95 , $40.08 , $39.24 ,"18,080,694"
23/8/2021, $39.00 , $41.00 , $41.08 , $38.84 ,"33,901,259"
24/8/2021, $41.10 , $40.17 , $41.21 , $39.97 ,"44,872,760"
25/8/2021, $40.44 , $41.55 , $42.11 , $40.04 ,"26,498,361"
26/8/2021, $41.49 , $40.62 , $41.94 , $40.54 ,"17,473,357"
27/8/2021, $40.53 , $40.69 , $41.31 , $40.50 ,"13,612,504"
30/8/2021, $40.58 , $39.59 , $40.74 , $39.11 ,"29,516,296"
31/8/2021, $39.81 , $39.14 , $40.28 , $39.13 ,"26,395,998"
1/9/2021, $39.98 , $40.62 , $41.67 , $39.87 ,"27,788,584"
2/9/2021, $40.75 , $41.40 , $41.86 , $40.54 ,"20,654,223"
3/9/2021, $41.22 , $40.32 , $41.58 , $40.23 ,"15,466,520"
7/9/2021, $40.49 , $40.95 , $41.08 , $40.31 ,"15,708,573"
8/9/2021, $40.85 , $40.07 , $41.34 , $39.83 ,"16,219,948"
9/9/2021, $40.10 , $40.35 , $40.95 , $39.84 ,"14,260,282"
10/9/2021, $40.62 , $39.89 , $40.83 , $39.87 ,"14,230,634"
13/9/2021, $40.26 , $40.07 , $41.19 , $39.26 ,"28,868,762"
14/9/2021, $39.90 , $39.01 , $40.10 , $38.55 ,"36,717,255"
15/9/2021, $39.00 , $38.48 , $39.00 , $38.08 ,"30,368,821"
16/9/2021, $38.30 , $39.52 , $39.67 , $38.09 ,"25,374,019"
17/9/2021, $39.90 , $39.75 , $40.23 , $39.29 ,"32,178,093"
20/9/2021, $38.88 , $39.79 , $40.22 , $38.73 ,"35,417,620"
21/9/2021, $42.34 , $44.36 , $45.00 , $42.18 ,"106,631,670"
22/9/2021, $44.90 , $44.87 , $46.62 , $44.61 ,"56,455,147"
23/9/2021, $45.35 , $45.48 , $45.84 , $44.71 ,"26,232,791"
24/9/2021, $45.46 , $46.63 , $47.05 , $45.29 ,"29,458,270"
27/9/2021, $46.77 , $47.25 , $47.43 , $46.19 ,"23,034,751"
28/9/2021, $46.70 , $45.98 , $47.00 , $45.76 ,"23,707,883"
29/9/2021, $46.00 , $44.52 , $46.53 , $44.30 ,"24,599,488"
30/9/2021, $44.71 , $44.80 , $45.37 , $43.86 ,"16,659,698"
1/10/2021, $45.92 , $47.05 , $47.25 , $45.79 ,"25,428,283"
4/10/2021, $46.47 , $45.72 , $46.83 , $45.20 ,"21,588,150"
5/10/2021, $45.91 , $45.61 , $46.08 , $45.35 ,"12,433,928"
6/10/2021, $45.33 , $47.01 , $47.18 , $45.00 ,"24,868,676"
7/10/2021, $47.64 , $47.91 , $48.24 , $46.89 ,"25,961,566"
8/10/2021, $48.08 , $47.77 , $48.88 , $47.61 ,"17,980,417"
11/10/2021, $47.70 , $46.29 , $47.87 , $46.28 ,"16,336,783"
12/10/2021, $46.33 , $46.72 , $47.05 , $46.16 ,"12,404,189"
13/10/2021, $46.26 , $46.41 , $47.00 , $45.94 ,"13,754,404"
14/10/2021, $46.98 , $47.28 , $47.94 , $46.84 ,"18,514,016"
15/10/2021, $47.91 , $48.36 , $48.84 , $47.34 ,"20,581,670"
18/10/2021, $47.68 , $47.07 , $47.95 , $46.75 ,"19,806,658"
19/10/2021, $47.20 , $47.05 , $47.69 , $46.74 ,"16,500,199"
20/10/2021, $47.15 , $46.00 , $47.54 , $45.93 ,"15,570,862"
21/10/2021, $45.97 , $46.47 , $47.54 , $45.52 ,"15,741,030"
22/10/2021, $46.00 , $45.51 , $46.50 , $45.23 ,"19,259,203"
25/10/2021, $45.67 , $45.72 , $46.07 , $45.02 ,"12,955,477"
26/10/2021, $46.28 , $46.02 , $47.69 , $45.86 ,"19,491,761"
27/10/2021, $46.47 , $44.73 , $46.55 , $44.17 ,"26,999,752"
28/10/2021, $45.00 , $44.62 , $45.41 , $44.38 ,"14,768,789"
29/10/2021, $44.49 , $43.82 , $44.80 , $43.57 ,"18,283,203"
1/11/2021, $44.07 , $44.36 , $45.03 , $43.65 ,"20,983,925"
2/11/2021, $44.34 , $42.89 , $44.35 , $42.33 ,"28,002,584"
3/11/2021, $45.33 , $45.72 , $46.26 , $44.71 ,"38,499,594"
4/11/2021, $45.54 , $45.27 , $46.53 , $44.99 ,"31,903,047"
5/11/2021, $47.50 , $47.19 , $48.74 , $46.61 ,"45,641,491"
8/11/2021, $47.08 , $45.89 , $47.65 , $45.82 ,"25,257,852"
9/11/2021, $45.91 , $45.51 , $45.98 , $43.68 ,"33,588,854"
10/11/2021, $44.90 , $43.38 , $45.25 , $42.60 ,"33,712,210"
11/11/2021, $43.32 , $43.28 , $43.72 , $42.44 ,"27,307,792"
12/11/2021, $43.57 , $45.12 , $45.13 , $43.57 ,"29,718,225"
15/11/2021, $45.11 , $43.61 , $45.26 , $43.56 ,"19,690,003"
16/11/2021, $45.54 , $45.76 , $46.66 , $44.86 ,"46,219,690"
17/11/2021, $45.36 , $44.11 , $45.64 , $43.90 ,"25,036,352"
18/11/2021, $44.53 , $45.00 , $45.33 , $43.58 ,"27,839,873"
19/11/2021, $43.93 , $44.23 , $44.72 , $43.50 ,"21,465,519"
22/11/2021, $43.96 , $42.60 , $44.40 , $41.81 ,"31,355,201"
23/11/2021, $42.38 , $42.68 , $43.14 , $41.60 ,"18,099,396"
24/11/2021, $42.00 , $42.08 , $42.37 , $41.24 ,"17,118,201"
26/11/2021, $39.61 , $40.52 , $40.62 , $38.77 ,"35,453,586"
29/11/2021, $41.06 , $39.70 , $41.25 , $38.78 ,"27,724,438"
30/11/2021, $39.25 , $38.00 , $39.95 , $37.04 ,"55,268,520"
1/12/2021, $39.45 , $36.02 , $39.50 , $35.80 ,"47,369,182"
2/12/2021, $36.55 , $38.12 , $38.40 , $36.45 ,"32,266,969"
3/12/2021, $37.42 , $35.85 , $37.84 , $35.26 ,"47,392,730"
6/12/2021, $35.95 , $38.49 , $38.69 , $35.44 ,"36,689,186"
7/12/2021, $39.40 , $38.08 , $40.22 , $37.76 ,"40,443,330"
8/12/2021, $38.30 , $38.81 , $39.41 , $38.01 ,"29,688,552"
9/12/2021, $38.44 , $37.54 , $38.70 , $37.48 ,"22,994,806"
10/12/2021, $37.41 , $36.67 , $37.87 , $36.61 ,"25,760,609"
13/12/2021, $36.18 , $35.73 , $36.31 , $34.88 ,"38,394,720"
14/12/2021, $35.25 , $37.26 , $38.45 , $35.21 ,"45,491,730"
15/12/2021, $36.91 , $37.83 , $38.38 , $36.24 ,"37,612,574"
16/12/2021, $38.25 , $37.70 , $38.58 , $37.13 ,"31,478,392"
17/12/2021, $37.20 , $39.68 , $40.00 , $36.74 ,"51,048,124"
20/12/2021, $38.45 , $39.70 , $40.15 , $38.08 ,"28,153,739"
21/12/2021, $39.82 , $41.97 , $42.08 , $39.82 ,"28,385,155"
22/12/2021, $41.95 , $43.02 , $43.23 , $41.45 ,"27,675,666"
23/12/2021, $43.03 , $43.91 , $44.35 , $42.76 ,"21,763,417"
27/12/2021, $43.44 , $42.96 , $44.24 , $42.82 ,"28,284,981"
28/12/2021, $42.60 , $42.54 , $43.74 , $42.30 ,"21,480,952"
29/12/2021, $42.72 , $42.46 , $42.93 , $41.82 ,"15,908,613"
30/12/2021, $42.29 , $42.66 , $43.34 , $42.20 ,"13,516,258"
31/12/2021, $42.53 , $41.93 , $43.12 , $41.93 ,"13,746,893"
3/1/2022, $42.48 , $43.95 , $44.41 , $41.89 ,"26,364,965"
4/1/2022, $44.23 , $44.42 , $44.80 , $42.58 ,"30,845,320"
5/1/2022, $44.29 , $43.24 , $45.90 , $42.86 ,"28,498,663"
6/1/2022, $43.11 , $42.03 , $44.08 , $40.97 ,"32,434,252"
7/1/2022, $42.00 , $41.51 , $42.65 , $41.20 ,"24,875,831"
10/1/2022, $41.48 , $42.60 , $42.81 , $40.16 ,"29,783,757"
11/1/2022, $42.36 , $43.62 , $44.17 , $42.19 ,"22,160,976"
12/1/2022, $43.99 , $43.04 , $44.10 , $42.54 ,"18,993,872"
13/1/2022, $43.34 , $42.87 , $43.92 , $42.73 ,"17,190,076"
14/1/2022, $42.40 , $41.51 , $42.72 , $40.36 ,"25,817,795"
18/1/2022, $40.96 , $38.41 , $40.96 , $38.37 ,"36,902,203"
19/1/2022, $38.21 , $37.86 , $38.89 , $37.12 ,"35,552,500"
20/1/2022, $38.29 , $37.82 , $39.64 , $37.75 ,"21,720,081"
21/1/2022, $37.41 , $35.94 , $37.60 , $35.85 ,"41,836,756"
24/1/2022, $34.91 , $36.28 , $36.42 , $33.51 ,"49,280,929"
25/1/2022, $35.47 , $34.82 , $36.09 , $34.52 ,"29,576,954"
26/1/2022, $36.07 , $34.80 , $36.68 , $34.45 ,"29,495,872"
27/1/2022, $35.37 , $34.09 , $35.79 , $33.94 ,"26,086,745"
28/1/2022, $34.17 , $35.21 , $35.22 , $32.81 ,"28,007,148"
31/1/2022, $35.34 , $37.40 , $37.54 , $35.30 ,"22,899,346"
1/2/2022, $37.63 , $38.61 , $38.71 , $37.20 ,"19,669,916"
2/2/2022, $38.53 , $37.17 , $38.62 , $37.03 ,"19,591,123"
3/2/2022, $36.08 , $34.54 , $36.74 , $34.30 ,"32,192,064"
4/2/2022, $35.00 , $37.05 , $37.36 , $34.36 ,"33,082,059"
7/2/2022, $36.99 , $37.54 , $39.05 , $36.99 ,"30,303,150"
8/2/2022, $37.25 , $38.34 , $38.57 , $36.95 ,"25,857,624"
9/2/2022, $38.81 , $40.19 , $40.40 , $38.16 ,"52,614,106"
10/2/2022, $41.00 , $37.75 , $42.56 , $37.35 ,"113,914,950"
11/2/2022, $37.96 , $35.29 , $38.65 , $34.48 ,"72,568,418"
14/2/2022, $35.20 , $34.59 , $35.99 , $34.32 ,"44,556,745"
15/2/2022, $35.44 , $37.09 , $37.21 , $35.11 ,"38,183,480"
16/2/2022, $36.63 , $36.58 , $37.39 , $36.27 ,"33,165,886"
17/2/2022, $36.13 , $35.71 , $37.43 , $35.41 ,"28,432,069"
18/2/2022, $35.52 , $34.68 , $36.33 , $34.67 ,"28,199,909"
22/2/2022, $34.21 , $33.68 , $35.10 , $33.28 ,"28,731,344"
23/2/2022, $33.89 , $32.39 , $34.21 , $32.30 ,"27,254,847"
24/2/2022, $29.97 , $34.87 , $34.95 , $29.71 ,"42,978,100"
25/2/2022, $34.84 , $34.98 , $35.27 , $34.01 ,"23,691,460"
28/2/2022, $35.26 , $36.03 , $36.31 , $34.98 ,"44,865,191"
1/3/2022, $35.45 , $33.89 , $35.60 , $33.65 ,"31,436,210"
2/3/2022, $34.00 , $34.04 , $34.22 , $32.97 ,"26,112,459"
3/3/2022, $34.22 , $31.72 , $34.29 , $31.42 ,"38,337,646"
4/3/2022, $31.50 , $29.83 , $31.73 , $29.27 ,"52,160,494"
7/3/2022, $31.48 , $28.57 , $31.94 , $28.55 ,"60,265,807"
8/3/2022, $28.51 , $30.74 , $31.57 , $28.28 ,"55,014,737"
9/3/2022, $31.75 , $31.50 , $32.73 , $31.20 ,"33,734,505"
10/3/2022, $30.86 , $30.41 , $31.15 , $29.84 ,"30,785,877"
11/3/2022, $31.30 , $30.76 , $31.39 , $30.42 ,"29,454,687"
14/3/2022, $30.51 , $29.27 , $30.55 , $28.80 ,"41,897,395"
15/3/2022, $29.52 , $29.80 , $30.41 , $29.06 ,"33,060,463"
16/3/2022, $30.53 , $32.61 , $32.64 , $30.27 ,"34,688,771"
17/3/2022, $32.34 , $32.85 , $32.92 , $31.57 ,"27,278,649"
18/3/2022, $32.52 , $33.36 , $33.42 , $32.33 ,"35,827,779"
21/3/2022, $32.82 , $31.98 , $32.82 , $31.25 ,"35,200,551"
22/3/2022, $31.93 , $33.35 , $33.60 , $31.84 ,"21,852,813"
23/3/2022, $32.71 , $33.06 , $33.68 , $32.57 ,"19,024,734"
24/3/2022, $34.74 , $34.70 , $34.95 , $33.44 ,"52,533,577"
25/3/2022, $34.55 , $34.06 , $34.92 , $33.55 ,"28,078,801"
28/3/2022, $34.14 , $34.77 , $34.91 , $33.73 ,"22,175,227"
29/3/2022, $35.57 , $37.19 , $37.45 , $35.57 ,"37,969,049"
30/3/2022, $36.66 , $36.58 , $37.09 , $36.21 ,"22,306,544"
31/3/2022, $36.50 , $35.68 , $36.73 , $35.37 ,"20,608,652"
1/4/2022, $35.68 , $35.98 , $36.48 , $35.40 ,"16,793,293"
4/4/2022, $36.40 , $36.51 , $36.93 , $36.22 ,"20,230,463"
5/4/2022, $36.35 , $34.96 , $36.61 , $34.72 ,"20,984,153"
6/4/2022, $33.86 , $33.41 , $34.00 , $32.55 ,"28,854,792"
7/4/2022, $33.34 , $32.27 , $33.34 , $31.02 ,"34,581,042"
8/4/2022, $31.92 , $32.05 , $32.55 , $31.58 ,"17,991,006"
11/4/2022, $31.36 , $32.04 , $32.69 , $31.11 ,"19,680,280"
12/4/2022, $32.40 , $31.99 , $33.10 , $31.71 ,"32,619,822"
13/4/2022, $32.00 , $32.63 , $33.11 , $31.93 ,"20,186,411"
14/4/2022, $32.86 , $32.68 , $33.47 , $32.64 ,"18,763,002"
18/4/2022, $32.55 , $31.79 , $32.61 , $31.42 ,"24,413,827"
19/4/2022, $32.16 , $33.80 , $33.99 , $31.97 ,"23,319,577"
20/4/2022, $33.99 , $33.21 , $34.32 , $33.18 ,"21,330,537"
21/4/2022, $34.25 , $31.68 , $34.41 , $31.37 ,"32,937,079"
22/4/2022, $31.62 , $30.83 , $32.23 , $30.80 ,"22,748,875"
25/4/2022, $30.59 , $32.44 , $32.50 , $30.46 ,"29,416,342"
26/4/2022, $32.04 , $31.33 , $32.20 , $31.00 ,"26,981,913"
27/4/2022, $31.10 , $30.68 , $31.98 , $30.16 ,"30,762,551"
28/4/2022, $31.00 , $32.82 , $32.87 , $30.98 ,"30,251,634"
29/4/2022, $32.52 , $31.48 , $33.15 , $31.41 ,"24,948,561"
2/5/2022, $31.24 , $30.39 , $31.35 , $29.51 ,"45,650,984"
3/5/2022, $30.15 , $29.47 , $30.59 , $28.85 ,"58,340,743"
4/5/2022, $27.41 , $28.10 , $28.40 , $25.90 ,"115,601,799"
5/5/2022, $27.87 , $26.83 , $28.83 , $26.20 ,"52,804,190"
6/5/2022, $26.84 , $26.07 , $26.84 , $24.75 ,"56,575,091"
9/5/2022, $25.41 , $23.05 , $26.07 , $22.80 ,"58,095,902"
10/5/2022, $23.85 , $23.67 , $24.55 , $22.80 ,"47,982,539"
11/5/2022, $23.28 , $22.57 , $24.15 , $22.50 ,"51,137,731"
12/5/2022, $22.15 , $23.29 , $24.06 , $21.69 ,"63,999,349"
13/5/2022, $23.88 , $24.39 , $24.87 , $23.68 ,"53,577,608"
16/5/2022, $24.31 , $23.59 , $24.46 , $23.40 ,"27,285,196"
17/5/2022, $24.32 , $24.20 , $24.90 , $23.59 ,"33,859,419"
18/5/2022, $23.98 , $22.46 , $24.19 , $22.34 ,"35,747,320"
19/5/2022, $22.29 , $23.24 , $23.81 , $22.20 ,"36,461,194"
20/5/2022, $23.81 , $23.35 , $24.10 , $22.41 ,"32,104,721"
23/5/2022, $23.32 , $23.78 , $23.83 , $22.71 ,"35,204,796"
24/5/2022, $23.69 , $21.55 , $23.74 , $21.41 ,"40,726,064"
25/5/2022, $21.71 , $22.04 , $22.36 , $21.28 ,"31,270,767"
26/5/2022, $22.15 , $23.10 , $23.28 , $21.93 ,"30,199,398"
27/5/2022, $23.49 , $23.67 , $24.13 , $23.33 ,"29,710,163"
31/5/2022, $23.50 , $23.20 , $23.90 , $23.03 ,"33,194,791"
1/6/2022, $23.53 , $22.94 , $23.87 , $22.57 ,"26,383,612"
2/6/2022, $23.07 , $24.74 , $24.83 , $22.94 ,"30,691,100"
3/6/2022, $24.17 , $24.15 , $24.50 , $23.73 ,"24,283,631"
6/6/2022, $24.86 , $24.73 , $25.44 , $24.28 ,"29,834,677"
7/6/2022, $24.20 , $25.30 , $25.70 , $24.07 ,"27,453,723"
8/6/2022, $25.70 , $25.83 , $26.55 , $25.30 ,"31,225,314"
9/6/2022, $25.94 , $25.44 , $26.69 , $25.36 ,"42,149,561"
10/6/2022, $24.80 , $23.72 , $24.97 , $23.65 ,"29,897,398"
13/6/2022, $22.22 , $21.57 , $22.59 , $21.34 ,"33,130,326"
14/6/2022, $21.72 , $21.09 , $21.95 , $20.89 ,"43,006,334"
15/6/2022, $21.34 , $22.03 , $22.39 , $21.24 ,"36,073,711"
16/6/2022, $21.04 , $20.47 , $21.40 , $20.16 ,"55,312,350"
17/6/2022, $20.37 , $21.81 , $21.96 , $20.37 ,"46,728,428"
21/6/2022, $22.00 , $21.76 , $22.46 , $21.69 ,"35,257,652"
22/6/2022, $21.41 , $21.50 , $22.21 , $21.30 ,"32,353,317"
23/6/2022, $21.63 , $22.37 , $22.44 , $21.39 ,"27,010,545"
24/6/2022, $22.48 , $23.03 , $23.19 , $22.30 ,"38,140,098"
27/6/2022, $23.45 , $22.86 , $23.64 , $22.35 ,"27,153,354"
28/6/2022, $22.97 , $22.08 , $23.46 , $22.04 ,"24,360,150"
29/6/2022, $22.11 , $21.47 , $22.15 , $21.08 ,"30,704,792"
30/6/2022, $21.11 , $20.46 , $21.13 , $19.90 ,"30,882,454"
1/7/2022, $20.70 , $21.34 , $21.37 , $20.43 ,"20,693,312"
5/7/2022, $21.17 , $22.52 , $22.55 , $20.83 ,"24,515,795"
6/7/2022, $21.50 , $21.50 , $22.08 , $21.32 ,"32,689,429"
7/7/2022, $21.64 , $22.74 , $22.76 , $21.61 ,"23,121,886"
8/7/2022, $22.43 , $22.34 , $22.96 , $21.83 ,"20,231,300"
11/7/2022, $21.95 , $21.19 , $22.25 , $21.14 ,"17,562,117"
12/7/2022, $21.28 , $21.57 , $21.78 , $20.98 ,"17,373,535"
13/7/2022, $20.93 , $21.50 , $21.61 , $20.72 ,"18,994,916"
14/7/2022, $21.25 , $20.65 , $21.47 , $20.59 ,"31,561,675"
15/7/2022, $21.00 , $21.67 , $21.78 , $20.77 ,"24,503,631"
18/7/2022, $22.17 , $22.58 , $23.20 , $22.11 ,"30,935,860"
19/7/2022, $22.75 , $22.67 , $23.08 , $22.19 ,"23,148,938"
20/7/2022, $22.89 , $24.12 , $24.22 , $22.81 ,"27,844,618"
21/7/2022, $24.02 , $24.23 , $24.25 , $23.60 ,"18,425,364"
22/7/2022, $24.33 , $23.30 , $24.81 , $23.09 ,"20,209,442"
25/7/2022, $23.27 , $23.35 , $23.54 , $22.63 ,"12,923,042"
26/7/2022, $23.15 , $22.55 , $23.15 , $22.45 ,"24,402,801"
27/7/2022, $23.00 , $23.09 , $23.32 , $22.49 ,"28,384,348"
28/7/2022, $22.89 , $23.31 , $23.42 , $22.14 ,"22,886,075"
29/7/2022, $23.18 , $23.45 , $23.49 , $22.39 ,"29,406,649"
1/8/2022, $23.43 , $24.60 , $24.62 , $22.89 ,"46,960,678"
2/8/2022, $28.49 , $29.25 , $29.43 , $27.10 ,"107,926,256"
3/8/2022, $29.72 , $30.19 , $31.43 , $29.36 ,"62,061,199"
4/8/2022, $29.78 , $31.85 , $32.23 , $29.60 ,"55,573,597"
5/8/2022, $31.20 , $32.01 , $32.63 , $31.04 ,"39,963,623"
8/8/2022, $32.33 , $31.85 , $32.96 , $31.66 ,"28,064,916"
9/8/2022, $31.37 , $31.06 , $31.55 , $30.72 ,"27,042,937"
10/8/2022, $32.44 , $32.80 , $33.19 , $32.23 ,"31,318,068"
11/8/2022, $33.16 , $32.24 , $33.36 , $32.04 ,"24,624,627"
12/8/2022, $32.59 , $32.47 , $32.76 , $31.70 ,"21,950,694"
15/8/2022, $32.10 , $32.49 , $32.91 , $31.93 ,"14,149,208"
16/8/2022, $32.08 , $32.38 , $32.73 , $31.33 ,"28,072,342"
17/8/2022, $31.65 , $30.72 , $31.71 , $30.44 ,"24,239,351"
18/8/2022, $30.56 , $30.15 , $30.62 , $29.86 ,"20,831,615"
19/8/2022, $29.50 , $29.01 , $29.57 , $28.63 ,"24,180,912"
22/8/2022, $28.34 , $28.00 , $28.81 , $27.87 ,"20,233,070"
23/8/2022, $28.06 , $27.81 , $28.68 , $27.75 ,"24,298,325"
24/8/2022, $27.93 , $28.71 , $29.22 , $27.85 ,"20,022,520"
25/8/2022, $28.89 , $29.62 , $29.64 , $28.81 ,"15,470,918"
26/8/2022, $29.51 , $28.58 , $29.71 , $28.36 ,"16,490,809"
29/8/2022, $28.10 , $28.74 , $29.19 , $28.06 ,"17,245,101"
30/8/2022, $29.18 , $28.71 , $29.29 , $28.12 ,"24,409,322"
31/8/2022, $29.11 , $28.76 , $29.88 , $28.75 ,"20,740,662"
1/9/2022, $28.17 , $28.92 , $28.95 , $27.69 ,"17,828,091"
2/9/2022, $29.50 , $29.05 , $29.64 , $28.65 ,"14,604,356"
6/9/2022, $29.34 , $28.89 , $29.37 , $28.28 ,"20,422,802"
7/9/2022, $28.91 , $30.03 , $30.15 , $28.82 ,"20,632,173"
8/9/2022, $29.42 , $30.68 , $30.90 , $29.29 ,"29,393,512"
9/9/2022, $31.00 , $31.78 , $32.05 , $30.89 ,"28,055,864"
12/9/2022, $31.95 , $32.50 , $32.62 , $31.85 ,"29,349,907"
13/9/2022, $30.69 , $31.32 , $31.78 , $30.22 ,"29,364,741"
14/9/2022, $31.25 , $33.05 , $33.14 , $31.10 ,"34,493,388"
15/9/2022, $32.95 , $33.13 , $34.33 , $32.74 ,"41,849,089"
16/9/2022, $30.96 , $31.93 , $32.15 , $30.88 ,"50,970,679"
19/9/2022, $31.44 , $31.49 , $31.98 , $31.06 ,"22,867,569"
20/9/2022, $31.49 , $31.49 , $32.56 , $31.19 ,"23,652,413"
21/9/2022, $31.45 , $30.47 , $31.68 , $30.35 ,"22,328,370"
22/9/2022, $30.19 , $28.58 , $30.19 , $28.53 ,"29,038,114"
23/9/2022, $28.01 , $27.82 , $28.34 , $27.36 ,"26,472,605"
26/9/2022, $27.71 , $26.89 , $28.16 , $26.82 ,"24,953,815"
27/9/2022, $27.67 , $27.57 , $28.49 , $27.16 ,"22,392,782"
28/9/2022, $27.43 , $28.04 , $28.16 , $27.19 ,"21,290,383"
29/9/2022, $27.66 , $26.42 , $27.72 , $26.00 ,"26,170,831"
30/9/2022, $26.16 , $26.50 , $27.31 , $26.16 ,"23,894,897"
3/10/2022, $26.76 , $26.72 , $26.90 , $25.96 ,"19,940,791"
4/10/2022, $27.63 , $29.19 , $29.25 , $27.60 ,"25,462,214"
5/10/2022, $28.48 , $29.18 , $29.65 , $28.31 ,"21,458,516"
6/10/2022, $29.20 , $29.73 , $30.24 , $28.96 ,"25,399,517"
7/10/2022, $28.83 , $28.07 , $28.86 , $27.92 ,"19,690,232"
10/10/2022, $28.24 , $27.53 , $28.45 , $27.23 ,"13,413,529"
11/10/2022, $25.55 , $24.66 , $26.05 , $22.94 ,"92,468,794"
12/10/2022, $25.05 , $25.98 , $26.12 , $24.56 ,"30,945,853"
13/10/2022, $24.47 , $25.00 , $26.03 , $24.19 ,"32,838,495"
14/10/2022, $25.65 , $24.71 , $26.07 , $24.66 ,"22,553,952"
17/10/2022, $25.26 , $25.94 , $26.27 , $25.08 ,"25,074,914"
18/10/2022, $27.07 , $27.61 , $27.71 , $26.50 ,"25,643,306"
19/10/2022, $27.06 , $27.53 , $27.73 , $26.85 ,"15,428,466"
20/10/2022, $27.32 , $27.87 , $28.68 , $27.24 ,"20,835,269"
21/10/2022, $27.50 , $28.02 , $28.44 , $27.16 ,"20,651,552"
24/10/2022, $27.71 , $27.65 , $27.98 , $26.51 ,"19,194,218"
25/10/2022, $28.00 , $28.36 , $28.55 , $27.33 ,"17,366,382"
26/10/2022, $28.17 , $28.20 , $28.98 , $27.87 ,"17,349,542"
27/10/2022, $28.40 , $27.82 , $28.76 , $27.66 ,"16,768,633"
28/10/2022, $27.81 , $27.50 , $27.88 , $26.49 ,"27,116,701"
31/10/2022, $27.61 , $26.57 , $27.73 , $26.30 ,"37,327,035"
1/11/2022, $30.07 , $29.75 , $31.00 , $29.12 ,"87,994,014"
2/11/2022, $29.57 , $28.81 , $30.16 , $28.63 ,"37,083,453"
3/11/2022, $28.03 , $28.73 , $29.52 , $27.71 ,"28,033,212"
4/11/2022, $29.44 , $28.39 , $29.73 , $28.04 ,"22,304,190"
7/11/2022, $28.71 , $27.69 , $28.83 , $27.62 ,"19,204,075"
8/11/2022, $27.57 , $27.44 , $28.33 , $26.82 ,"27,033,898"
9/11/2022, $27.31 , $26.55 , $28.01 , $26.44 ,"21,186,266"
10/11/2022, $28.38 , $28.85 , $29.32 , $28.10 ,"35,196,917"
11/11/2022, $28.95 , $29.15 , $30.44 , $28.70 ,"35,861,055"
14/11/2022, $28.85 , $29.07 , $29.70 , $28.79 ,"24,426,194"
15/11/2022, $30.25 , $31.57 , $31.82 , $30.00 ,"43,066,493"
16/11/2022, $30.95 , $30.04 , $31.16 , $29.83 ,"26,540,199"
17/11/2022, $29.10 , $28.88 , $29.50 , $28.40 ,"22,684,059"
18/11/2022, $29.21 , $28.96 , $29.41 , $28.70 ,"15,676,273"
21/11/2022, $28.52 , $28.25 , $28.71 , $28.01 ,"16,159,379"
22/11/2022, $28.27 , $28.08 , $28.33 , $27.31 ,"20,368,643"
23/11/2022, $28.36 , $28.79 , $28.94 , $28.14 ,"12,964,924"
25/11/2022, $28.71 , $28.50 , $28.88 , $28.24 ,"5,200,356"
28/11/2022, $28.11 , $27.76 , $28.66 , $27.73 ,"11,126,985"
29/11/2022, $28.05 , $27.76 , $28.23 , $27.58 ,"15,007,821"
30/11/2022, $27.80 , $29.14 , $29.14 , $27.64 ,"18,177,028"
1/12/2022, $29.22 , $28.34 , $29.60 , $28.30 ,"18,066,596"
2/12/2022, $27.38 , $28.75 , $28.78 , $27.19 ,"15,980,529"
5/12/2022, $28.41 , $27.70 , $28.86 , $27.65 ,"17,486,336"
6/12/2022, $27.70 , $26.92 , $27.86 , $26.70 ,"19,772,905"
7/12/2022, $26.61 , $26.40 , $26.87 , $26.02 ,"21,193,949"
8/12/2022, $26.52 , $26.45 , $27.03 , $26.28 ,"14,909,647"
9/12/2022, $26.40 , $26.55 , $26.96 , $26.24 ,"14,253,514"
12/12/2022, $26.42 , $27.03 , $27.23 , $26.11 ,"16,483,626"
13/12/2022, $28.03 , $26.98 , $28.46 , $26.91 ,"27,635,364"
14/12/2022, $27.07 , $27.47 , $27.82 , $26.77 ,"19,427,279"
15/12/2022, $26.98 , $26.24 , $27.11 , $25.88 ,"19,383,729"
16/12/2022, $26.06 , $25.97 , $26.45 , $25.66 ,"22,684,200"
19/12/2022, $26.02 , $24.95 , $26.02 , $24.69 ,"35,616,094"
20/12/2022, $24.72 , $24.96 , $25.28 , $24.61 ,"28,536,476"
21/12/2022, $25.15 , $25.36 , $25.67 , $24.87 ,"20,444,478"
22/12/2022, $24.93 , $24.64 , $25.10 , $24.04 ,"23,752,734"
23/12/2022, $24.46 , $24.64 , $24.73 , $24.16 ,"11,610,045"
27/12/2022, $24.29 , $24.40 , $24.70 , $23.90 ,"15,258,601"
28/12/2022, $24.21 , $24.59 , $24.72 , $24.02 ,"15,669,206"
29/12/2022, $24.75 , $24.91 , $25.38 , $24.29 ,"17,828,296"
30/12/2022, $24.42 , $24.73 , $24.85 , $24.24 ,"20,474,050"
3/1/2023, $25.37 , $25.36 , $25.75 , $25.02 ,"22,155,275"
4/1/2023, $25.73 , $25.91 , $25.97 , $25.32 ,"14,815,960"
5/1/2023, $25.73 , $25.55 , $26.01 , $25.55 ,"9,942,038"
6/1/2023, $25.86 , $26.40 , $26.54 , $25.40 ,"19,443,753"
9/1/2023, $27.30 , $27.40 , $28.05 , $27.15 ,"24,962,057"
10/1/2023, $27.40 , $28.04 , $28.25 , $27.15 ,"15,413,738"
11/1/2023, $28.24 , $28.35 , $28.52 , $27.92 ,"15,421,719"
12/1/2023, $28.85 , $29.03 , $29.19 , $28.20 ,"17,513,401"
13/1/2023, $28.68 , $29.44 , $29.50 , $28.66 ,"16,940,714"
17/1/2023, $29.44 , $29.20 , $29.78 , $28.96 ,"20,816,486"
18/1/2023, $29.95 , $28.96 , $30.09 , $28.89 ,"25,257,235"
19/1/2023, $28.47 , $29.03 , $29.29 , $28.34 ,"15,651,532"
20/1/2023, $29.30 , $30.36 , $30.39 , $29.12 ,"23,008,696"
23/1/2023, $30.63 , $30.53 , $31.11 , $30.27 ,"22,041,062"
24/1/2023, $30.00 , $29.93 , $31.20 , $27.01 ,"14,464,364"
25/1/2023, $29.22 , $30.29 , $30.40 , $28.80 ,"14,488,139"
26/1/2023, $30.53 , $30.02 , $30.65 , $29.31 ,"25,383,593"
27/1/2023, $29.70 , $30.36 , $30.60 , $29.50 ,"18,223,987"
30/1/2023, $30.20 , $29.63 , $30.54 , $29.59 ,"17,969,731"
31/1/2023, $29.75 , $30.93 , $30.96 , $29.74 ,"15,611,532"
1/2/2023, $30.88 , $31.49 , $31.85 , $30.64 ,"21,206,352"
2/2/2023, $32.42 , $33.05 , $33.47 , $32.42 ,"32,045,470"
3/2/2023, $32.17 , $33.09 , $33.95 , $32.15 ,"25,804,879"
6/2/2023, $33.53 , $33.90 , $34.21 , $32.90 ,"33,594,934"
7/2/2023, $33.66 , $34.90 , $35.06 , $33.41 ,"59,374,036"
8/2/2023, $37.43 , $36.83 , $37.58 , $34.50 ,"109,597,829"
9/2/2023, $36.89 , $35.89 , $37.36 , $35.65 ,"44,068,509"
10/2/2023, $34.40 , $34.30 , $35.40 , $34.05 ,"41,936,379"
13/2/2023, $34.50 , $33.44 , $34.52 , $33.35 ,"35,043,744"
14/2/2023, $33.11 , $35.23 , $35.36 , $32.72 ,"38,856,463"
15/2/2023, $35.01 , $36.23 , $36.24 , $34.72 ,"31,492,167"
16/2/2023, $35.60 , $36.22 , $36.73 , $35.45 ,"28,202,687"
17/2/2023, $35.96 , $34.77 , $36.23 , $34.57 ,"27,946,727"
21/2/2023, $33.78 , $34.20 , $34.39 , $33.49 ,"24,696,827"
22/2/2023, $34.35 , $34.54 , $35.17 , $34.22 ,"23,294,036"
23/2/2023, $34.79 , $34.47 , $34.80 , $33.70 ,"23,661,721"
24/2/2023, $33.70 , $33.40 , $33.92 , $33.02 ,"19,100,996"
27/2/2023, $33.68 , $33.55 , $33.85 , $33.06 ,"19,079,075"
28/2/2023, $33.75 , $33.26 , $34.00 , $33.17 ,"17,144,021"
1/3/2023, $33.43 , $32.99 , $33.58 , $32.89 ,"14,404,671"
2/3/2023, $32.54 , $33.69 , $33.80 , $32.23 ,"17,976,269"
3/3/2023, $34.00 , $34.57 , $34.59 , $33.80 ,"14,990,366"
6/3/2023, $34.59 , $33.88 , $35.11 , $33.85 ,"18,903,006"
7/3/2023, $33.85 , $34.14 , $35.00 , $33.60 ,"25,538,363"
8/3/2023, $34.01 , $34.01 , $34.63 , $33.52 ,"16,174,274"
9/3/2023, $34.41 , $32.32 , $34.52 , $32.28 ,"27,629,682"
10/3/2023, $32.00 , $31.11 , $32.04 , $30.77 ,"32,553,607"
13/3/2023, $30.59 , $30.82 , $31.09 , $29.97 ,"24,302,644"
14/3/2023, $32.94 , $32.36 , $33.42 , $32.16 ,"34,241,847"
15/3/2023, $31.83 , $31.97 , $32.24 , $31.39 ,"28,434,860"
16/3/2023, $31.59 , $32.73 , $32.90 , $31.55 ,"20,088,655"
17/3/2023, $32.38 , $31.78 , $32.47 , $31.51 ,"27,102,497"
20/3/2023, $31.60 , $31.93 , $32.36 , $31.46 ,"14,157,845"
21/3/2023, $32.33 , $32.86 , $33.14 , $32.23 ,"19,780,177"
22/3/2023, $32.58 , $31.52 , $32.72 , $31.50 ,"24,636,356"
23/3/2023, $31.88 , $31.18 , $32.20 , $30.75 ,"16,806,903"
24/3/2023, $30.94 , $30.75 , $31.15 , $30.29 ,"14,786,745"
27/3/2023, $31.03 , $30.62 , $31.04 , $30.14 ,"17,917,994"
28/3/2023, $30.53 , $30.07 , $30.86 , $29.98 ,"23,087,307"
29/3/2023, $30.62 , $30.87 , $30.90 , $30.20 ,"18,917,520"
30/3/2023, $31.50 , $31.19 , $31.85 , $30.88 ,"16,261,304"
31/3/2023, $31.42 , $31.70 , $31.85 , $31.21 ,"14,824,601"
3/4/2023, $31.50 , $31.46 , $31.76 , $31.17 ,"23,529,100"
4/4/2023, $31.94 , $31.39 , $32.13 , $31.29 ,"15,146,854"
5/4/2023, $30.95 , $31.12 , $31.24 , $30.47 ,"17,243,304"
6/4/2023, $30.93 , $31.18 , $31.49 , $30.50 ,"14,486,919"
10/4/2023, $30.96 , $31.74 , $31.79 , $30.61 ,"16,463,111"
11/4/2023, $31.75 , $31.12 , $31.80 , $30.88 ,"16,906,490"
12/4/2023, $31.19 , $30.59 , $31.45 , $30.40 ,"15,964,933"
13/4/2023, $30.84 , $31.44 , $31.59 , $30.69 ,"15,079,614"
14/4/2023, $31.31 , $31.48 , $31.62 , $30.93 ,"11,851,874"
17/4/2023, $32.19 , $32.08 , $32.19 , $31.63 ,"25,206,222"
18/4/2023, $32.37 , $31.73 , $32.93 , $31.61 ,"18,698,555"
19/4/2023, $31.35 , $32.04 , $32.37 , $31.16 ,"13,821,973"
20/4/2023, $31.52 , $31.50 , $32.04 , $31.40 ,"12,747,081"
21/4/2023, $31.36 , $30.83 , $31.46 , $29.71 ,"40,543,146"
24/4/2023, $30.68 , $30.68 , $31.06 , $30.23 ,"14,596,163"
25/4/2023, $30.34 , $29.59 , $30.47 , $29.55 ,"20,399,240"
26/4/2023, $29.70 , $29.68 , $30.12 , $29.47 ,"14,277,142"
27/4/2023, $30.07 , $29.70 , $30.17 , $29.22 ,"27,293,660"
28/4/2023, $29.62 , $31.05 , $31.27 , $29.42 ,"28,516,085"
1/5/2023, $32.00 , $32.74 , $33.00 , $31.76 ,"49,867,118"
2/5/2023, $35.02 , $36.52 , $36.63 , $34.23 ,"102,993,471"
3/5/2023, $36.75 , $37.84 , $38.35 , $36.35 ,"68,580,803"
4/5/2023, $37.48 , $37.49 , $37.80 , $36.69 ,"44,819,400"
5/5/2023, $37.48 , $37.75 , $37.95 , $36.87 ,"24,682,890"
8/5/2023, $37.82 , $38.83 , $38.93 , $37.48 ,"30,992,060"
9/5/2023, $38.49 , $38.19 , $38.58 , $37.91 ,"19,393,602"
10/5/2023, $38.60 , $38.79 , $38.95 , $38.17 ,"19,531,548"
11/5/2023, $38.64 , $38.42 , $39.18 , $38.34 ,"16,515,576"
12/5/2023, $38.64 , $38.45 , $39.23 , $38.20 ,"21,626,037"
15/5/2023, $38.34 , $38.14 , $38.48 , $37.99 ,"17,826,612"
16/5/2023, $37.93 , $37.44 , $38.15 , $37.44 ,"21,836,864"
17/5/2023, $37.73 , $37.84 , $37.96 , $37.36 ,"19,534,395"
18/5/2023, $37.98 , $39.25 , $39.49 , $37.76 ,"27,828,117"
19/5/2023, $39.25 , $39.18 , $39.49 , $38.92 ,"19,785,499"
22/5/2023, $39.13 , $39.17 , $40.50 , $39.08 ,"27,581,555"
23/5/2023, $38.99 , $38.66 , $39.65 , $38.51 ,"18,679,369"
24/5/2023, $38.05 , $37.96 , $38.66 , $37.77 ,"22,074,721"
25/5/2023, $38.48 , $37.95 , $38.59 , $37.53 ,"18,634,222"
26/5/2023, $38.24 , $38.45 , $38.76 , $38.22 ,"14,438,769"
30/5/2023, $38.73 , $37.56 , $39.06 , $37.56 ,"18,143,192"
31/5/2023, $37.25 , $37.93 , $38.05 , $37.07 ,"34,506,306"
1/6/2023, $37.50 , $38.48 , $38.50 , $37.27 ,"17,115,298"
2/6/2023, $39.00 , $39.73 , $39.89 , $39.00 ,"21,218,954"
5/6/2023, $39.50 , $40.42 , $40.79 , $39.46 ,"25,724,051"
6/6/2023, $40.25 , $40.25 , $40.73 , $39.93 ,"14,570,118"
7/6/2023, $40.24 , $38.99 , $40.25 , $38.61 ,"23,653,908"
8/6/2023, $39.18 , $40.26 , $40.63 , $39.04 ,"20,301,812"
9/6/2023, $40.05 , $40.99 , $41.00 , $40.02 ,"21,980,664"
12/6/2023, $41.26 , $41.74 , $41.75 , $41.06 ,"16,016,444"
13/6/2023, $41.75 , $41.41 , $41.83 , $40.89 ,"16,659,586"
14/6/2023, $41.30 , $41.27 , $41.59 , $40.57 ,"15,077,575"
15/6/2023, $41.02 , $43.36 , $43.75 , $40.94 ,"41,477,785"
16/6/2023, $43.07 , $43.52 , $43.67 , $42.53 ,"27,986,352"
20/6/2023, $42.77 , $42.17 , $43.47 , $42.02 ,"19,936,203"
21/6/2023, $42.50 , $42.66 , $43.22 , $41.77 ,"21,916,497"
22/6/2023, $42.30 , $42.81 , $43.87 , $42.21 ,"19,542,077"
23/6/2023, $42.59 , $43.34 , $43.76 , $42.33 ,"23,186,640"
26/6/2023, $43.75 , $44.42 , $45.04 , $43.68 ,"33,692,974"
27/6/2023, $44.69 , $43.83 , $44.83 , $43.75 ,"29,652,066"
28/6/2023, $43.50 , $44.24 , $45.24 , $43.32 ,"28,187,374"
29/6/2023, $44.09 , $42.58 , $44.28 , $42.11 ,"28,595,285"
30/6/2023, $43.11 , $43.17 , $43.43 , $42.92 ,"17,589,240"
3/7/2023, $43.17 , $43.09 , $43.40 , $42.58 ,"7,578,076"
5/7/2023, $42.89 , $43.66 , $43.88 , $42.89 ,"15,730,395"
6/7/2023, $42.99 , $42.11 , $43.00 , $41.87 ,"18,048,160"
7/7/2023, $42.07 , $42.91 , $43.12 , $41.94 ,"14,937,560"
10/7/2023, $42.58 , $42.78 , $43.20 , $42.44 ,"15,821,816"
11/7/2023, $42.10 , $44.36 , $44.67 , $41.75 ,"32,164,969"
12/7/2023, $45.00 , $44.52 , $45.22 , $43.97 ,"21,830,121"
13/7/2023, $45.21 , $45.64 , $45.94 , $44.62 ,"21,193,224"
14/7/2023, $45.91 , $44.75 , $46.40 , $44.56 ,"22,054,795"
17/7/2023, $44.68 , $45.51 , $45.65 , $44.50 ,"21,937,913"
18/7/2023, $45.34 , $47.41 , $47.75 , $45.34 ,"42,620,243"
19/7/2023, $47.10 , $47.12 , $47.90 , $46.55 ,"21,990,935"
20/7/2023, $46.07 , $46.57 , $47.50 , $45.86 ,"23,085,271"
21/7/2023, $46.55 , $47.23 , $47.34 , $46.28 ,"20,181,244"
24/7/2023, $47.06 , $47.32 , $47.55 , $46.84 ,"16,669,824"
25/7/2023, $47.20 , $47.17 , $47.73 , $46.93 ,"14,188,200"
26/7/2023, $47.05 , $47.31 , $47.56 , $46.62 ,"16,666,161"
27/7/2023, $48.00 , $46.61 , $48.09 , $46.36 ,"17,991,953"
28/7/2023, $47.14 , $48.14 , $48.43 , $46.71 ,"17,154,631"
31/7/2023, $48.85 , $49.46 , $49.49 , $48.15 ,"38,736,789"
1/8/2023, $48.67 , $46.65 , $49.03 , $46.01 ,"82,282,793"
2/8/2023, $46.06 , $46.96 , $47.71 , $45.67 ,"36,303,801"
3/8/2023, $46.22 , $45.91 , $47.85 , $45.79 ,"25,313,223"
4/8/2023, $46.00 , $45.20 , $46.38 , $45.02 ,"25,657,595"
7/8/2023, $45.01 , $44.95 , $45.53 , $44.38 ,"22,122,549"
8/8/2023, $44.50 , $45.16 , $45.24 , $44.09 ,"14,742,206"
9/8/2023, $45.25 , $44.11 , $45.46 , $43.84 ,"20,112,959"
10/8/2023, $44.13 , $44.60 , $45.18 , $44.09 ,"16,908,213"
11/8/2023, $44.00 , $43.71 , $44.30 , $43.31 ,"16,181,113"
14/8/2023, $43.50 , $44.85 , $44.89 , $42.95 ,"15,828,847"
15/8/2023, $44.70 , $44.08 , $44.88 , $44.01 ,"13,404,696"
16/8/2023, $43.98 , $43.65 , $44.33 , $43.40 ,"14,980,821"
17/8/2023, $44.18 , $43.97 , $44.86 , $43.91 ,"21,326,615"
18/8/2023, $43.27 , $44.69 , $44.84 , $43.19 ,"17,137,983"
21/8/2023, $44.98 , $44.63 , $45.30 , $44.01 ,"15,362,066"
22/8/2023, $44.94 , $44.35 , $45.18 , $44.02 ,"13,599,785"
23/8/2023, $44.00 , $45.14 , $45.62 , $44.00 ,"14,625,811"
24/8/2023, $45.24 , $44.68 , $45.72 , $44.64 ,"18,129,594"
25/8/2023, $44.71 , $43.96 , $44.84 , $43.08 ,"19,132,486"
28/8/2023, $44.11 , $44.15 , $44.52 , $43.71 ,"10,424,110"
29/8/2023, $44.21 , $45.35 , $45.59 , $44.12 ,"11,335,394"
30/8/2023, $45.35 , $46.51 , $46.75 , $45.30 ,"19,869,421"
31/8/2023, $46.69 , $47.23 , $47.57 , $46.52 ,"19,263,774"
1/9/2023, $47.51 , $47.04 , $47.70 , $46.83 ,"14,614,473"
5/9/2023, $46.87 , $46.55 , $47.14 , $46.30 ,"16,461,664"
6/9/2023, $46.34 , $45.90 , $46.85 , $45.61 ,"14,262,663"
7/9/2023, $45.50 , $46.27 , $46.68 , $45.25 ,"14,972,153"
8/9/2023, $46.34 , $47.24 , $47.25 , $46.27 ,"15,965,207"
11/9/2023, $47.74 , $48.94 , $48.97 , $47.65 ,"19,007,314"
12/9/2023, $48.34 , $47.92 , $49.19 , $47.90 ,"18,808,980"
13/9/2023, $47.51 , $48.16 , $48.36 , $47.28 ,"12,691,849"
14/9/2023, $48.63 , $48.32 , $48.70 , $47.81 ,"13,068,165"
15/9/2023, $48.19 , $47.52 , $48.49 , $47.27 ,"16,130,135"
18/9/2023, $47.30 , $46.51 , $47.35 , $46.48 ,"15,025,531"
19/9/2023, $46.40 , $47.59 , $47.76 , $46.21 ,"19,188,602"
20/9/2023, $46.87 , $46.55 , $47.54 , $46.40 ,"22,581,975"
21/9/2023, $45.79 , $44.60 , $45.79 , $43.93 ,"27,875,722"
22/9/2023, $45.16 , $44.41 , $45.35 , $44.03 ,"16,158,675"
25/9/2023, $44.14 , $44.91 , $45.11 , $44.11 ,"9,175,373"
26/9/2023, $44.50 , $44.27 , $45.39 , $44.05 ,"11,283,619"
27/9/2023, $44.51 , $45.14 , $45.47 , $44.44 ,"16,835,053"
28/9/2023, $44.92 , $46.14 , $46.58 , $44.92 ,"22,199,170"
29/9/2023, $46.75 , $45.99 , $46.92 , $45.85 ,"14,247,042"
2/10/2023, $45.57 , $45.68 , $46.29 , $45.10 ,"14,976,706"
3/10/2023, $45.36 , $44.51 , $45.61 , $44.33 ,"11,033,393"
4/10/2023, $44.79 , $44.94 , $45.49 , $44.18 ,"12,476,109"
5/10/2023, $44.84 , $44.61 , $44.93 , $43.65 ,"14,518,798"
6/10/2023, $44.06 , $45.78 , $45.95 , $44.06 ,"14,380,568"
9/10/2023, $45.15 , $45.45 , $45.60 , $44.58 ,"11,422,320"
10/10/2023, $45.75 , $46.63 , $47.28 , $45.55 ,"14,538,614"
11/10/2023, $46.90 , $46.64 , $47.21 , $46.27 ,"12,985,479"
12/10/2023, $46.54 , $45.95 , $47.04 , $45.60 ,"15,983,613"
13/10/2023, $45.82 , $43.48 , $46.29 , $42.70 ,"28,215,656"
16/10/2023, $43.77 , $44.71 , $45.00 , $43.47 ,"20,447,112"
17/10/2023, $44.41 , $44.38 , $45.26 , $44.05 ,"17,337,780"
18/10/2023, $43.90 , $43.00 , $44.20 , $42.91 ,"15,387,992"
19/10/2023, $43.02 , $42.72 , $43.27 , $42.19 ,"16,089,978"
20/10/2023, $42.72 , $42.96 , $43.35 , $42.26 ,"13,966,105"
23/10/2023, $42.53 , $43.04 , $43.97 , $42.25 ,"11,277,093"
24/10/2023, $43.50 , $44.19 , $44.33 , $43.39 ,"17,566,478"
25/10/2023, $43.30 , $42.35 , $43.49 , $42.07 ,"16,495,882"
26/10/2023, $42.14 , $40.62 , $42.30 , $40.09 ,"23,465,460"
27/10/2023, $41.21 , $41.23 , $42.15 , $40.80 ,"17,098,580"
30/10/2023, $42.01 , $42.73 , $43.00 , $42.01 ,"21,292,723"
31/10/2023, $42.82 , $43.28 , $43.53 , $42.20 ,"18,414,020"
1/11/2023, $43.25 , $43.83 , $44.00 , $42.91 ,"18,989,315"
2/11/2023, $45.35 , $46.48 , $46.86 , $45.25 ,"25,816,850"
3/11/2023, $46.92 , $47.75 , $48.15 , $46.63 ,"21,960,652"
6/11/2023, $47.94 , $48.14 , $48.30 , $47.43 ,"27,843,095"
7/11/2023, $47.00 , $49.92 , $50.04 , $46.68 ,"81,365,358"
8/11/2023, $50.04 , $49.50 , $50.30 , $48.90 ,"37,726,705"
9/11/2023, $49.30 , $50.05 , $50.68 , $49.02 ,"29,962,340"
10/11/2023, $50.01 , $51.58 , $52.10 , $49.90 ,"27,238,617"
13/11/2023, $51.17 , $52.24 , $52.42 , $50.72 ,"21,026,866"
14/11/2023, $52.90 , $53.88 , $54.31 , $52.39 ,"30,621,855"
15/11/2023, $53.92 , $53.76 , $54.26 , $53.16 ,"22,419,701"
16/11/2023, $53.50 , $54.42 , $54.51 , $53.15 ,"20,810,849"
17/11/2023, $54.13 , $54.44 , $54.51 , $54.01 ,"16,122,436"
20/11/2023, $53.83 , $54.75 , $55.36 , $53.76 ,"28,529,194"
21/11/2023, $54.23 , $54.85 , $55.08 , $53.89 ,"34,115,507"
22/11/2023, $55.10 , $55.37 , $55.82 , $54.96 ,"18,467,671"
24/11/2023, $55.15 , $55.32 , $55.94 , $55.07 ,"10,696,821"
27/11/2023, $55.47 , $56.06 , $56.46 , $55.29 ,"19,101,870"
28/11/2023, $55.98 , $56.21 , $56.45 , $55.69 ,"20,457,495"
29/11/2023, $56.49 , $56.40 , $57.13 , $56.15 ,"23,496,211"
30/11/2023, $56.61 , $56.38 , $56.77 , $55.53 ,"32,769,812"
1/12/2023, $56.67 , $57.35 , $57.87 , $56.25 ,"28,539,897"
4/12/2023, $60.01 , $58.63 , $60.92 , $58.57 ,"85,417,307"
5/12/2023, $58.01 , $57.97 , $58.66 , $57.70 ,"39,170,598"
6/12/2023, $58.37 , $59.75 , $59.98 , $58.36 ,"33,834,959"
7/12/2023, $59.67 , $60.98 , $61.00 , $59.53 ,"34,410,194"
8/12/2023, $60.51 , $61.70 , $62.25 , $60.51 ,"28,852,116"
11/12/2023, $61.53 , $62.46 , $62.99 , $60.94 ,"30,389,677"
12/12/2023, $62.07 , $62.72 , $63.03 , $61.83 ,"27,144,311"
13/12/2023, $62.71 , $61.97 , $62.88 , $61.45 ,"41,661,681"
14/12/2023, $62.01 , $62.50 , $62.81 , $60.61 ,"44,818,142"
15/12/2023, $62.16 , $61.86 , $63.53 , $61.41 ,"364,261,230"
18/12/2023, $62.01 , $61.73 , $62.49 , $61.33 ,"28,614,030"
19/12/2023, $61.88 , $62.12 , $62.70 , $61.69 ,"26,813,795"
20/12/2023, $61.49 , $60.68 , $62.28 , $60.62 ,"28,286,061"
21/12/2023, $61.24 , $61.46 , $61.76 , $60.83 ,"19,999,593"
22/12/2023, $61.70 , $61.71 , $62.24 , $61.28 ,"14,715,609"
26/12/2023, $61.71 , $61.98 , $62.20 , $61.31 ,"16,077,192"
27/12/2023, $62.00 , $63.28 , $63.43 , $62.00 ,"20,805,951"
28/12/2023, $63.45 , $63.14 , $63.53 , $62.84 ,"13,795,595"
29/12/2023, $62.36 , $61.57 , $63.14 , $61.30 ,"21,615,424"
2/1/2024, $60.73 , $58.38 , $60.91 , $57.93 ,"41,978,581"
3/1/2024, $57.48 , $58.25 , $58.90 , $57.33 ,"31,800,559"
4/1/2024, $58.25 , $57.80 , $58.99 , $57.73 ,"20,370,664"
5/1/2024, $58.11 , $57.58 , $58.51 , $57.22 ,"17,886,260"
8/1/2024, $58.09 , $59.01 , $59.16 , $57.85 ,"21,213,042"
9/1/2024, $58.50 , $60.30 , $60.54 , $58.45 ,"22,319,853"
10/1/2024, $60.28 , $62.41 , $62.61 , $60.28 ,"30,788,925"
11/1/2024, $62.99 , $63.47 , $63.61 , $61.86 ,"28,888,928"
12/1/2024, $63.20 , $63.20 , $64.92 , $63.00 ,"26,374,740"
16/1/2024, $63.00 , $63.65 , $64.00 , $62.92 ,"19,511,781"
17/1/2024, $62.95 , $63.12 , $63.42 , $61.68 ,"19,971,592"
18/1/2024, $64.00 , $64.88 , $65.00 , $63.39 ,"24,149,938"
19/1/2024, $64.90 , $65.11 , $65.39 , $64.41 ,"20,339,427"
22/1/2024, $65.44 , $64.55 , $65.61 , $64.15 ,"17,851,716"
23/1/2024, $64.50 , $64.32 , $64.81 , $63.69 ,"13,619,608"
24/1/2024, $64.00 , $63.76 , $64.40 , $63.22 ,"17,238,147"
25/1/2024, $64.28 , $66.00 , $66.03 , $63.71 ,"21,962,965"
26/1/2024, $65.65 , $65.52 , $66.05 , $65.29 ,"13,099,618"
29/1/2024, $65.60 , $66.98 , $67.10 , $65.56 ,"15,902,036"
30/1/2024, $66.90 , $66.84 , $67.69 , $66.22 ,"17,562,145"
31/1/2024, $65.70 , $65.27 , $66.25 , $64.85 ,"17,026,414"
1/2/2024, $66.12 , $66.73 , $66.85 , $65.59 ,"12,504,225"
2/2/2024, $66.98 , $68.07 , $68.25 , $66.51 ,"18,671,765"
5/2/2024, $68.24 , $68.99 , $69.99 , $67.86 ,"26,079,529"
6/2/2024, $69.06 , $70.47 , $70.68 , $68.44 ,"34,596,121"
7/2/2024, $67.60 , $70.65 , $71.90 , $67.24 ,"43,366,951"
8/2/2024, $71.93 , $71.61 , $73.05 , $71.20 ,"21,618,176"
9/2/2024, $71.43 , $70.91 , $72.04 , $69.69 ,"20,858,737"
12/2/2024, $71.00 , $69.12 , $71.38 , $68.74 ,"19,554,941"
13/2/2024, $67.90 , $68.99 , $69.55 , $66.71 ,"22,857,142"
14/2/2024, $74.60 , $79.15 , $79.20 , $74.31 ,"69,846,652"
15/2/2024, $79.00 , $81.39 , $81.87 , $78.28 ,"40,330,151"
16/2/2024, $80.55 , $78.41 , $80.88 , $78.11 ,"24,457,475"
20/2/2024, $78.23 , $76.60 , $78.42 , $75.82 ,"23,816,359"
21/2/2024, $76.32 , $76.44 , $77.49 , $75.88 ,"15,102,053"
22/2/2024, $79.59 , $78.03 , $79.72 , $77.51 ,"16,766,442"
23/2/2024, $78.50 , $78.20 , $78.97 , $77.72 ,"15,648,826"
26/2/2024, $78.28 , $78.36 , $78.50 , $77.30 ,"16,617,286"
27/2/2024, $78.64 , $78.75 , $79.75 , $77.81 ,"13,707,348"
28/2/2024, $78.60 , $77.73 , $78.66 , $77.42 ,"11,853,130"
29/2/2024, $78.35 , $79.50 , $79.68 , $77.93 ,"19,405,546"
1/3/2024, $79.50 , $81.03 , $81.47 , $79.32 ,"18,528,745"
4/3/2024, $81.94 , $81.30 , $82.14 , $80.79 ,"15,989,175"
5/3/2024, $80.83 , $79.09 , $80.85 , $77.43 ,"19,761,584"
6/3/2024, $80.17 , $78.64 , $80.99 , $78.53 ,"13,734,710"
7/3/2024, $79.40 , $79.41 , $80.08 , $78.26 ,"13,873,312"
8/3/2024, $79.94 , $78.70 , $81.98 , $78.21 ,"16,414,858"
11/3/2024, $78.70 , $77.47 , $78.89 , $76.53 ,"13,781,394"
12/3/2024, $78.01 , $78.32 , $78.48 , $77.48 ,"11,303,824"
13/3/2024, $78.00 , $78.25 , $79.69 , $77.93 ,"12,065,099"
14/3/2024, $78.34 , $77.65 , $78.48 , $76.90 ,"12,737,226"
15/3/2024, $77.00 , $76.07 , $77.84 , $75.77 ,"24,554,947"
18/3/2024, $77.00 , $75.70 , $77.00 , $73.66 ,"18,936,712"
19/3/2024, $75.38 , $77.08 , $77.18 , $74.19 ,"13,035,194"
20/3/2024, $77.09 , $78.64 , $78.95 , $76.75 ,"11,490,382"
21/3/2024, $79.60 , $80.25 , $81.23 , $79.09 ,"16,191,090"
22/3/2024, $79.80 , $80.23 , $80.45 , $79.20 ,"8,872,408"
25/3/2024, $79.99 , $79.41 , $81.04 , $79.39 ,"10,254,259"
26/3/2024, $79.80 , $77.91 , $80.18 , $77.78 ,"12,438,286"
27/3/2024, $78.96 , $78.11 , $79.00 , $76.85 ,"13,156,953"
28/3/2024, $77.90 , $76.99 , $78.05 , $76.90 ,"13,421,916"
1/4/2024, $77.00 , $76.40 , $77.78 , $76.00 ,"12,201,773"
2/4/2024, $75.66 , $76.98 , $77.33 , $74.97 ,"15,838,768"
3/4/2024, $76.84 , $76.81 , $78.85 , $76.54 ,"19,883,084"
4/4/2024, $77.24 , $74.92 , $77.67 , $74.48 ,"17,191,332"
5/4/2024, $75.34 , $77.16 , $78.40 , $74.92 ,"21,572,026"
8/4/2024, $76.70 , $75.03 , $76.86 , $73.95 ,"22,867,563"
9/4/2024, $74.77 , $75.14 , $75.50 , $73.33 ,"13,766,815"
10/4/2024, $74.40 , $74.35 , $75.31 , $73.54 ,"12,533,910"
11/4/2024, $74.80 , $76.18 , $76.56 , $74.71 ,"13,653,565"
12/4/2024, $75.05 , $75.28 , $75.82 , $74.49 ,"11,590,774"
15/4/2024, $76.38 , $73.40 , $76.68 , $72.88 ,"16,093,430"
16/4/2024, $73.39 , $74.13 , $74.70 , $72.70 ,"14,513,119"
17/4/2024, $75.00 , $71.94 , $75.62 , $71.04 ,"15,363,128"
18/4/2024, $72.26 , $71.30 , $72.86 , $70.64 ,"20,425,974"
19/4/2024, $71.15 , $69.20 , $71.15 , $68.38 ,"23,185,965"
22/4/2024, $70.48 , $68.98 , $70.89 , $68.48 ,"26,804,899"
23/4/2024, $70.02 , $70.80 , $71.14 , $69.62 ,"16,814,207"
24/4/2024, $70.15 , $69.36 , $70.22 , $67.37 ,"27,515,596"
25/4/2024, $67.86 , $69.31 , $70.29 , $67.38 ,"20,545,159"
26/4/2024, $69.98 , $69.05 , $70.15 , $68.70 ,"16,187,639"
29/4/2024, $68.50 , $67.40 , $68.66 , $67.20 ,"21,143,373"
30/4/2024, $67.23 , $66.27 , $68.60 , $66.07 ,"22,707,275"
1/5/2024, $66.04 , $67.79 , $69.41 , $65.86 ,"21,276,158"
2/5/2024, $68.40 , $68.57 , $69.04 , $67.63 ,"18,229,306"
3/5/2024, $69.85 , $69.23 , $70.34 , $69.03 ,"15,557,671"
6/5/2024, $71.00 , $71.51 , $73.82 , $70.83 ,"25,001,918"
7/5/2024, $72.64 , $70.43 , $72.64 , $69.80 ,"24,427,252"
8/5/2024, $64.50 , $66.40 , $67.20 , $63.84 ,"84,219,974"
9/5/2024, $66.81 , $67.93 , $68.57 , $66.75 ,"27,965,536"
10/5/2024, $67.82 , $66.99 , $67.90 , $66.40 ,"18,924,391"
13/5/2024, $67.00 , $66.02 , $67.06 , $64.72 ,"18,983,132"
14/5/2024, $65.85 , $65.32 , $66.10 , $64.75 ,"19,462,279"
15/5/2024, $66.00 , $66.62 , $66.66 , $65.22 ,"16,308,711"
16/5/2024, $66.97 , $66.05 , $67.33 , $66.00 ,"19,923,462"
17/5/2024, $66.50 , $65.67 , $66.64 , $65.52 ,"15,703,320"
20/5/2024, $65.64 , $64.65 , $65.87 , $64.31 ,"15,864,425"
21/5/2024, $64.13 , $63.97 , $64.65 , $63.81 ,"16,592,548"
22/5/2024, $64.82 , $65.48 , $66.09 , $64.52 ,"22,562,072"
23/5/2024, $65.56 , $63.60 , $65.80 , $63.25 ,"20,114,981"
24/5/2024, $63.78 , $64.26 , $64.76 , $63.62 ,"10,385,892"
28/5/2024, $64.61 , $63.52 , $64.61 , $63.10 ,"14,213,346"
29/5/2024, $63.01 , $64.93 , $65.37 , $62.91 ,"16,987,906"
30/5/2024, $64.79 , $64.12 , $65.41 , $63.72 ,"12,692,547"
31/5/2024, $64.20 , $64.56 , $64.63 , $63.14 ,"17,322,445"
3/6/2024, $64.78 , $63.79 , $64.96 , $62.94 ,"14,922,214"
4/6/2024, $64.06 , $64.55 , $65.19 , $63.70 ,"12,689,227"
5/6/2024, $64.94 , $65.82 , $66.28 , $64.21 ,"19,513,505"
6/6/2024, $67.45 , $68.90 , $69.69 , $67.33 ,"25,871,476"
7/6/2024, $68.90 , $69.31 , $69.71 , $68.11 ,"13,932,603"
10/6/2024, $69.28 , $68.60 , $69.69 , $66.56 ,"19,168,881"